EmployeeID,Age,Gender,Department,EducationField,Education,JobRole,MonthlyIncome,YearsAtCompany,TotalWorkingYears,DistanceFromHome,JobSatisfaction,WorkLifeBalance,PerformanceRating,NumCompaniesWorked,OverTime,Attrition,Gender_enc,OverTime_enc,Attrition_enc,Dept_Human Resources,Dept_Research & Development,Dept_Sales,Role_Human Resources,Role_Laboratory Technician,Role_Manager,Role_Manufacturing Director,Role_Research Scientist,Role_Sales Executive,Role_Sales Representative,Age_norm,MonthlyIncome_norm,YearsAtCompany_norm,TotalWorkingYears_norm,DistanceFromHome_norm,NumCompaniesWorked_norm
1,41.0,Male,Sales,Medical,2,Sales Executive,2933.07,0,8.0,1.0,2,4.0,3,2,Yes,Yes,0,1,1,0,0,1,0,0,0,0,0,1,0,0.5476190476190477,0.11421222513617109,0.0,0.2,0.0,0.2857142857142857
2,32.0,Male,Research & Development,Marketing,1,Manager,4779.65,2,4.0,2.0,4,1.0,3,2,No,No,0,0,0,0,1,0,0,0,1,0,0,0,0,0.3333333333333333,0.3211675968887992,0.05405405405405406,0.1,0.03571428571428571,0.2857142857142857
3,36.0,Female,Sales,Technical Degree,2,Sales Executive,4441.06,4,4.0,1.0,2,2.0,3,3,Yes,Yes,1,1,1,0,0,1,0,0,0,0,0,1,0,0.42857142857142855,0.28322013762804565,0.10810810810810811,0.1,0.0,0.42857142857142855
4,38.0,Female,Sales,Human Resources,1,Sales Executive,2794.07,2,3.0,14.0,3,3.0,3,1,No,No,1,0,0,0,0,1,0,0,0,0,0,1,0,0.47619047619047616,0.09863380628964653,0.05405405405405406,0.075,0.4642857142857143,0.14285714285714285
5,42.0,Female,Sales,Life Sciences,3,Manager,5554.05,15,19.0,7.0,3,3.0,3,3,No,No,1,0,0,0,0,1,0,0,1,0,0,0,0,0.5714285714285714,0.4079584426064152,0.40540540540540543,0.475,0.21428571428571427,0.42857142857142855
6,42.0,Female,Sales,Life Sciences,2,Manager,4779.65,0,4.0,2.0,3,3.0,4,1,No,No,1,0,0,0,0,1,0,0,1,0,0,0,0,0.5714285714285714,0.3211675968887992,0.0,0.1,0.03571428571428571,0.14285714285714285
7,32.0,Female,Research & Development,Technical Degree,1,Research Scientist,3517.75,5,9.0,22.0,4,4.0,3,3,No,No,1,0,0,0,1,0,0,0,0,0,1,0,0,0.3333333333333333,0.17974021025261694,0.13513513513513514,0.225,0.75,0.42857142857142855
8,43.0,Male,Sales,Life Sciences,1,Sales Representative,2915.14,4,6.0,1.0,3,3.0,3,2,No,No,0,0,0,0,0,1,0,0,0,0,0,0,1,0.5952380952380952,0.11220272117992512,0.10810810810810811,0.15,0.0,0.2857142857142857
9,19.0,Male,Sales,Life Sciences,2,Sales Representative,3939.6,22,24.0,2.0,4,1.0,3,0,No,No,0,0,0,0,0,1,0,0,0,0,0,0,1,0.023809523809523808,0.227019030327483,0.5945945945945946,0.6,0.03571428571428571,0.0
10,50.0,Female,Research & Development,Marketing,3,Manufacturing Director,8325.88,24,26.0,5.0,4,1.0,4,3,No,No,1,0,0,0,1,0,0,0,0,1,0,0,0,0.7619047619047619,0.7186111671485889,0.6486486486486487,0.65,0.14285714285714285,0.42857142857142855
11,42.0,Male,Research & Development,Life Sciences,1,Manufacturing Director,5081.89,4,11.0,4.0,2,3.0,3,3,Yes,Yes,0,1,1,0,1,0,0,0,0,1,0,0,0,0.5714285714285714,0.35504113150875305,0.10810810810810811,0.275,0.10714285714285714,0.42857142857142855
12,40.0,Female,Human Resources,Human Resources,2,Manager,6153.77,7,14.0,2.0,4,2.0,4,7,No,No,1,0,0,1,0,0,0,0,1,0,0,0,0,0.5238095238095238,0.4751720350570462,0.1891891891891892,0.35,0.03571428571428571,1.0
13,46.0,Male,Sales,Life Sciences,4,Sales Representative,5068.74,4,4.0,1.0,4,4.0,3,3,No,No,0,0,0,0,0,1,0,0,0,0,0,0,1,0.6666666666666666,0.35356734584089833,0.10810810810810811,0.1,0.0,0.42857142857142855
14,23.0,Female,Research & Development,Medical,4,Manager,5595.26,11,12.0,8.0,4,4.0,3,3,Yes,No,1,1,0,0,1,0,0,0,1,0,0,0,0,0.11904761904761904,0.41257705153206464,0.2972972972972973,0.3,0.25,0.42857142857142855
15,35.0,Female,Research & Development,Marketing,3,Research Scientist,2816.61,0,1.0,4.0,3,4.0,3,1,No,No,1,0,0,0,1,0,0,0,0,0,1,0,0,0.40476190476190477,0.10115997579180958,0.0,0.025,0.10714285714285714,0.14285714285714285
16,49.0,Female,Sales,Life Sciences,3,Sales Representative,3397.51,2,4.0,6.0,3,1.0,3,2,Yes,Yes,1,1,1,0,0,1,0,0,0,0,0,0,1,0.7380952380952381,0.16626431757559457,0.05405405405405406,0.1,0.17857142857142858,0.2857142857142857
17,34.0,Male,Sales,Medical,3,Sales Representative,5435.39,6,7.0,4.0,2,2.0,3,4,No,No,0,0,0,0,0,1,0,0,0,0,0,0,1,0.38095238095238093,0.39465962835944685,0.16216216216216217,0.175,0.10714285714285714,0.5714285714285714
18,32.0,Male,Human Resources,Human Resources,2,Human Resources,4779.65,0,0.0,9.0,4,3.0,3,2,No,No,0,0,0,1,0,0,1,0,0,0,0,0,0,0.3333333333333333,0.3211675968887992,0.0,0.0,0.2857142857142857,0.2857142857142857
19,41.0,Male,Sales,Medical,3,Sales Representative,3510.17,3,7.0,19.0,1,1.0,3,1,No,No,0,0,0,0,0,1,0,0,0,0,0,0,1,0.5476190476190477,0.17889068208818057,0.08108108108108109,0.175,0.6428571428571429,0.14285714285714285
20,54.0,Male,Sales,Human Resources,2,Sales Representative,2730.4,0,1.0,1.0,2,4.0,3,2,No,No,0,0,0,0,0,1,0,0,0,0,0,0,1,0.8571428571428571,0.09149799385829244,0.0,0.025,0.0,0.2857142857142857
21,50.0,Male,Research & Development,Medical,4,Laboratory Technician,4714.4,4,11.0,7.0,3,2.0,3,2,No,No,0,0,0,0,1,0,0,1,0,0,0,0,0,0.7619047619047619,0.3138547060273911,0.10810810810810811,0.275,0.21428571428571427,0.2857142857142857
22,42.0,Female,Research & Development,Marketing,2,Research Scientist,4779.65,14,14.0,25.0,3,2.0,3,0,Yes,No,1,1,0,0,1,0,0,0,0,0,1,0,0,0.5714285714285714,0.3211675968887992,0.3783783783783784,0.35,0.8571428571428571,0.0
23,31.0,Male,Sales,Human Resources,3,Sales Executive,6999.6,16,16.0,3.0,3,1.0,3,4,Yes,No,0,1,0,0,0,1,0,0,0,0,0,1,0,0.30952380952380953,0.5699683948624841,0.43243243243243246,0.4,0.07142857142857142,0.5714285714285714
24,23.0,Male,Research & Development,Human Resources,2,Manager,6191.3,4,6.0,3.0,4,4.0,4,2,No,No,0,0,0,0,1,0,0,0,1,0,0,0,0,0.11904761904761904,0.4793782081456078,0.10810810810810811,0.15,0.07142857142857142,0.2857142857142857
25,37.0,Female,Human Resources,Human Resources,3,Human Resources,5902.75,5,8.0,1.0,1,2.0,4,3,No,No,1,0,0,1,0,0,1,0,0,0,0,0,0,0.4523809523809524,0.447038979669603,0.13513513513513514,0.2,0.0,0.42857142857142855
26,40.0,Female,Research & Development,Human Resources,2,Laboratory Technician,4536.72,3,11.0,2.0,2,3.0,3,1,No,No,1,0,0,0,1,0,0,1,0,0,0,0,0,0.5238095238095238,0.293941227893215,0.08108108108108109,0.275,0.03571428571428571,0.14285714285714285
27,30.0,Female,Sales,Other,2,Manager,5367.24,1,2.0,9.0,2,2.0,3,2,No,No,1,0,0,0,0,1,0,0,1,0,0,0,0,0.2857142857142857,0.3870217201264205,0.02702702702702703,0.05,0.2857142857142857,0.2857142857142857
28,36.0,Male,Sales,Life Sciences,3,Sales Executive,4384.47,9,24.0,4.0,1,3.0,4,2,Yes,No,0,1,0,0,0,1,0,0,0,0,0,1,0,0.42857142857142855,0.27687781588326277,0.24324324324324326,0.6,0.10714285714285714,0.2857142857142857
29,50.0,Male,Sales,Human Resources,3,Manager,5860.6,2,7.0,9.0,2,4.0,3,2,No,No,0,0,0,0,0,1,0,0,1,0,0,0,0,0.7619047619047619,0.442315020285567,0.05405405405405406,0.175,0.2857142857142857,0.2857142857142857
30,27.0,Female,Sales,Other,3,Sales Executive,7156.75,10,14.0,2.0,2,2.0,4,5,No,Yes,1,0,1,0,0,1,0,0,0,0,0,1,0,0.21428571428571427,0.5875809741555151,0.2702702702702703,0.35,0.03571428571428571,0.7142857142857143
31,36.0,Female,Sales,Marketing,4,Sales Executive,5422.65,2,16.0,7.0,4,3.0,4,4,No,No,1,0,0,0,0,1,0,0,0,0,0,1,0,0.42857142857142855,0.39323179342344156,0.05405405405405406,0.4,0.21428571428571427,0.5714285714285714
32,39.0,Male,Research & Development,Life Sciences,1,Research Scientist,4111.46,5,6.0,8.0,2,2.0,3,1,No,No,0,0,0,0,1,0,0,0,0,0,1,0,0,0.5,0.24628023221930825,0.13513513513513514,0.15,0.25,0.14285714285714285
33,31.0,Male,Research & Development,Human Resources,5,Research Scientist,6388.8,7,7.0,7.0,2,2.0,3,1,No,No,0,0,0,0,1,0,0,0,0,0,1,0,0,0.30952380952380953,0.5015130119023603,0.1891891891891892,0.175,0.21428571428571427,0.14285714285714285
34,35.0,Female,Research & Development,Other,3,Manager,5350.61,0,10.0,23.0,2,2.0,3,2,No,No,1,0,0,0,1,0,0,0,1,0,0,0,0,0.40476190476190477,0.3851579136126241,0.0,0.25,0.7857142857142857,0.2857142857142857
35,18.0,Male,Sales,Marketing,5,Manager,5827.43,6,6.0,1.0,2,3.0,3,4,Yes,Yes,0,1,1,0,0,1,0,0,1,0,0,0,0,0.0,0.4385974940039899,0.16216216216216217,0.15,0.0,0.5714285714285714
36,31.0,Male,Sales,Other,3,Sales Executive,2091.29,0,6.0,9.0,2,3.0,4,1,Yes,Yes,0,1,1,0,0,1,0,0,0,0,0,1,0,0.30952380952380953,0.01986976890144128,0.0,0.15,0.2857142857142857,0.14285714285714285
37,38.0,Male,Research & Development,Other,3,Research Scientist,5413.8,8,11.0,2.0,3,4.0,3,1,No,Yes,0,0,1,0,1,0,0,0,0,0,1,0,0,0.47619047619047616,0.3922399300652276,0.21621621621621623,0.275,0.03571428571428571,0.14285714285714285
38,42.0,Male,Research & Development,Life Sciences,2,Laboratory Technician,5717.23,11,11.0,6.0,1,4.0,3,2,No,No,0,0,0,0,1,0,0,1,0,0,0,0,0,0.5714285714285714,0.42624683388250056,0.2972972972972973,0.275,0.17857142857142858,0.2857142857142857
39,50.0,Male,Research & Development,Marketing,3,Laboratory Technician,3475.69,2,11.0,3.0,2,1.0,4,2,Yes,No,0,1,0,0,1,0,0,1,0,0,0,0,0,0.7619047619047619,0.17502633761459663,0.05405405405405406,0.275,0.07142857142857142,0.2857142857142857
40,25.0,Male,Research & Development,Life Sciences,3,Laboratory Technician,6692.88,24,24.0,4.0,4,2.0,3,4,No,No,0,0,0,0,1,0,0,1,0,0,0,0,0,0.16666666666666666,0.535592764440858,0.6486486486486487,0.6,0.10714285714285714,0.5714285714285714
41,33.0,Female,Research & Development,Technical Degree,3,Manufacturing Director,8661.23,4,5.0,4.0,4,2.0,3,1,Yes,Yes,1,1,1,0,1,0,0,0,0,1,0,0,0,0.35714285714285715,0.756195503552776,0.10810810810810811,0.125,0.10714285714285714,0.14285714285714285
42,22.0,Male,Sales,Medical,2,Sales Representative,5274.96,8,11.0,9.0,1,1.0,3,2,No,Yes,0,0,1,0,0,1,0,0,0,0,0,0,1,0.09523809523809523,0.37667944321161995,0.21621621621621623,0.275,0.2857142857142857,0.2857142857142857
43,32.0,Female,Research & Development,Other,1,Research Scientist,5845.3,9,16.0,1.0,2,2.0,4,4,No,No,1,0,0,0,1,0,0,0,0,0,1,0,0,0.3333333333333333,0.440600273462892,0.24324324324324326,0.4,0.0,0.5714285714285714
44,44.0,Male,Research & Development,Other,1,Manager,5990.86,2,3.0,6.0,4,3.0,3,1,No,No,0,0,0,0,1,0,0,0,1,0,0,0,0,0.6190476190476191,0.45691390401900783,0.05405405405405406,0.075,0.17857142857142858,0.14285714285714285
45,40.0,Female,Research & Development,Technical Degree,2,Laboratory Technician,3800.17,5,29.0,10.0,4,2.0,3,3,No,No,1,0,0,0,1,0,0,1,0,0,0,0,0,0.5238095238095238,0.21139241924999438,0.13513513513513514,0.725,0.32142857142857145,0.42857142857142855
46,39.0,Male,Sales,Human Resources,1,Sales Executive,6588.22,8,8.0,4.0,2,3.0,3,6,No,No,0,0,0,0,0,1,0,0,0,0,0,1,0,0.5,0.5238629995741152,0.21621621621621623,0.2,0.10714285714285714,0.8571428571428571
47,59.0,Male,Human Resources,Technical Degree,3,Manager,4479.68,0,10.0,7.0,3,3.0,3,1,No,No,0,0,0,1,0,0,0,0,1,0,0,0,0,0.9761904761904762,0.2875484724183534,0.0,0.25,0.21428571428571427,0.14285714285714285
48,32.0,Female,Research & Development,Marketing,1,Research Scientist,4093.77,2,8.0,1.0,1,3.0,3,0,No,No,1,0,0,0,1,0,0,0,0,0,1,0,0,0.3333333333333333,0.24429762625243762,0.05405405405405406,0.2,0.0,0.0
49,44.0,Male,Sales,Marketing,2,Sales Representative,4779.65,0,0.0,4.0,3,3.0,3,3,Yes,No,0,1,0,0,0,1,0,0,0,0,0,0,1,0.6190476190476191,0.3211675968887992,0.0,0.0,0.10714285714285714,0.42857142857142855
50,41.0,Female,Sales,Human Resources,2,Sales Representative,3127.01,3,5.0,2.0,1,2.0,3,3,No,No,1,0,0,0,0,1,0,0,0,0,0,0,1,0.5476190476190477,0.1359480420505234,0.08108108108108109,0.125,0.03571428571428571,0.42857142857142855
51,18.0,Male,Research & Development,Other,4,Laboratory Technician,4893.3,0,1.0,11.0,3,4.0,3,0,No,No,0,0,0,0,1,0,0,1,0,0,0,0,0,0.0,0.33390491560755836,0.0,0.025,0.35714285714285715,0.0
52,38.0,Female,Research & Development,Life Sciences,1,Manufacturing Director,5381.19,4,7.0,1.0,3,4.0,4,4,No,No,1,0,0,0,1,0,0,0,0,1,0,0,0,0.47619047619047616,0.3885851657588595,0.10810810810810811,0.175,0.0,0.5714285714285714
53,27.0,Male,Human Resources,Medical,3,Manager,3921.48,0,0.0,1.0,1,3.0,3,0,No,No,0,0,0,1,0,0,0,0,1,0,0,0,0,0.21428571428571427,0.2249882321296483,0.0,0.0,0.0,0.0
54,29.0,Female,Research & Development,Other,4,Manager,3510.27,2,13.0,4.0,2,3.0,3,3,No,Yes,1,0,1,0,1,0,0,0,1,0,0,0,0,0.2619047619047619,0.1789018895837536,0.05405405405405406,0.325,0.10714285714285714,0.42857142857142855
55,24.0,Male,Sales,Marketing,3,Sales Representative,4779.65,0,9.0,4.0,1,1.0,3,6,No,No,0,0,0,0,0,1,0,0,0,0,0,0,1,0.14285714285714285,0.3211675968887992,0.0,0.225,0.10714285714285714,0.8571428571428571
56,28.0,Female,Sales,Medical,2,Sales Executive,4489.13,4,4.0,3.0,4,3.0,3,2,No,No,1,0,0,0,0,1,0,0,0,0,0,1,0,0.23809523809523808,0.2886075807500056,0.10810810810810811,0.1,0.07142857142857142,0.2857142857142857
57,43.0,Female,Sales,Other,4,Sales Executive,4056.29,3,4.0,1.0,1,2.0,4,2,Yes,No,1,1,0,0,0,1,0,0,0,0,0,1,0,0.5952380952380952,0.2400970569116625,0.08108108108108109,0.1,0.0,0.2857142857142857
58,57.0,Male,Sales,Marketing,2,Sales Executive,4526.48,0,0.0,1.0,4,3.0,3,1,No,No,0,0,0,0,0,1,0,0,0,0,0,1,0,0.9285714285714286,0.2927935803465357,0.0,0.0,0.0,0.14285714285714285
59,25.0,Male,Research & Development,Marketing,2,Research Scientist,5530.12,9,13.0,10.0,3,3.0,4,3,No,Yes,0,0,1,0,1,0,0,0,0,0,1,0,0,0.16666666666666666,0.4052764889157868,0.24324324324324326,0.325,0.32142857142857145,0.42857142857142855
60,36.0,Male,Research & Development,Medical,4,Research Scientist,3647.68,0,2.0,10.0,4,4.0,3,3,No,No,0,0,0,0,1,0,0,0,0,0,1,0,0,0.42857142857142855,0.19430210925066682,0.0,0.05,0.32142857142857145,0.42857142857142855
61,35.0,Male,Sales,Human Resources,2,Manager,6848.33,8,10.0,4.0,2,2.0,3,3,Yes,Yes,0,1,1,0,0,1,0,0,1,0,0,0,0,0.40476190476190477,0.5530148163091475,0.21621621621621623,0.25,0.10714285714285714,0.42857142857142855
62,35.0,Female,Sales,Human Resources,2,Sales Executive,3042.2,1,3.0,6.0,4,1.0,3,1,Yes,No,1,1,0,0,0,1,0,0,0,0,0,1,0,0.40476190476190477,0.12644296505502878,0.02702702702702703,0.075,0.17857142857142858,0.14285714285714285
63,27.0,Male,Sales,Life Sciences,2,Sales Representative,3357.83,0,0.0,19.0,3,2.0,3,1,Yes,No,0,1,0,0,0,1,0,0,0,0,0,0,1,0.21428571428571427,0.16181718333221257,0.0,0.0,0.6428571428571429,0.14285714285714285
64,37.0,Female,Research & Development,Life Sciences,2,Laboratory Technician,5048.89,10,11.0,4.0,1,2.0,3,2,No,No,1,0,0,0,1,0,0,1,0,0,0,0,0,0.4523809523809524,0.35134265796965014,0.2702702702702703,0.275,0.10714285714285714,0.2857142857142857
65,33.0,Female,Research & Development,Other,1,Laboratory Technician,3794.46,13,15.0,29.0,4,2.0,4,2,No,No,1,0,0,0,1,0,0,1,0,0,0,0,0,0.35714285714285715,0.21075247125277385,0.35135135135135137,0.375,1.0,0.2857142857142857
66,36.0,Female,Sales,Life Sciences,3,Sales Representative,3595.24,1,2.0,10.0,3,3.0,3,0,No,No,1,0,0,0,0,1,0,0,0,0,0,0,1,0.42857142857142855,0.18842489857216504,0.02702702702702703,0.05,0.32142857142857145,0.0
67,37.0,Female,Sales,Marketing,4,Sales Executive,6218.97,6,9.0,3.0,3,1.0,3,6,No,No,1,0,0,0,0,1,0,0,0,0,0,1,0,0.4523809523809524,0.48247932217066775,0.16216216216216217,0.225,0.07142857142857142,0.8571428571428571
68,42.0,Male,Research & Development,Medical,2,Laboratory Technician,2872.86,1,7.0,10.0,4,1.0,3,2,No,No,0,0,0,0,1,0,0,1,0,0,0,0,0,0.5714285714285714,0.10746419205164415,0.02702702702702703,0.175,0.32142857142857145,0.2857142857142857
69,34.0,Female,Sales,Medical,3,Sales Executive,4779.65,11,12.0,4.0,4,2.0,4,3,Yes,No,1,1,0,0,0,1,0,0,0,0,0,1,0,0.38095238095238093,0.3211675968887992,0.2972972972972973,0.3,0.10714285714285714,0.42857142857142855
70,45.0,Female,Sales,Other,2,Manager,5019.12,0,0.0,11.0,2,2.0,4,4,No,No,1,0,0,0,0,1,0,0,1,0,0,0,0,0.6428571428571429,0.3480061865375563,0.0,0.0,0.35714285714285715,0.5714285714285714
71,32.0,Female,Sales,Other,3,Manager,3371.28,0,8.0,2.0,1,1.0,4,1,No,No,1,0,0,0,0,1,0,0,1,0,0,0,0,0.3333333333333333,0.16332459148678638,0.0,0.2,0.03571428571428571,0.14285714285714285
72,31.0,Male,Research & Development,Life Sciences,1,Laboratory Technician,4270.99,3,16.0,15.0,4,3.0,3,4,Yes,Yes,0,1,1,0,1,0,0,1,0,0,0,0,0,0.30952380952380953,0.26415954990697776,0.08108108108108109,0.4,0.5,0.5714285714285714
73,35.0,Male,Human Resources,Life Sciences,1,Human Resources,3191.69,1,4.0,7.0,2,2.0,3,1,No,Yes,0,0,1,1,0,0,1,0,0,0,0,0,0,0.40476190476190477,0.14319705018716516,0.02702702702702703,0.1,0.21428571428571427,0.14285714285714285
74,36.0,Male,Research & Development,Other,4,Laboratory Technician,7277.55,14,19.0,24.0,2,4.0,3,2,No,No,0,0,0,0,1,0,0,1,0,0,0,0,0,0.42857142857142855,0.6011196288077466,0.3783783783783784,0.475,0.8214285714285714,0.2857142857142857
75,38.0,Male,Sales,Other,1,Sales Representative,4944.53,10,11.0,1.0,2,2.0,3,2,Yes,Yes,0,1,1,0,0,1,0,0,0,0,0,0,1,0.47619047619047616,0.3396465155896263,0.2702702702702703,0.275,0.0,0.2857142857142857
76,38.0,Female,Research & Development,Life Sciences,3,Research Scientist,5536.18,9,10.0,10.0,4,4.0,3,1,No,No,1,0,0,0,1,0,0,0,0,0,1,0,0,0.47619047619047616,0.4059556631475131,0.24324324324324326,0.25,0.32142857142857145,0.14285714285714285
77,35.0,Female,Research & Development,Technical Degree,1,Research Scientist,4779.65,1,9.0,2.0,4,1.0,3,2,No,No,1,0,0,0,1,0,0,0,0,0,1,0,0,0.40476190476190477,0.3211675968887992,0.02702702702702703,0.225,0.03571428571428571,0.2857142857142857
78,36.0,Male,Sales,Technical Degree,3,Sales Executive,2896.44,0,1.0,1.0,4,2.0,4,5,Yes,No,0,1,0,0,0,1,0,0,0,0,0,1,0,0.42857142857142855,0.1101069195077668,0.0,0.025,0.0,0.7142857142857143
79,36.0,Female,Research & Development,Medical,2,Manager,5284.46,6,25.0,12.0,2,4.0,3,2,Yes,No,1,1,0,0,1,0,0,0,1,0,0,0,0,0.42857142857142855,0.37774415529105865,0.16216216216216217,0.625,0.39285714285714285,0.2857142857142857
80,49.0,Female,Research & Development,Human Resources,2,Laboratory Technician,6491.45,12,14.0,2.0,3,1.0,4,3,Yes,No,1,1,0,0,1,0,0,1,0,0,0,0,0,0.7380952380952381,0.513017506108085,0.32432432432432434,0.35,0.03571428571428571,0.42857142857142855
81,30.0,Female,Sales,Other,2,Sales Executive,3693.05,4,5.0,1.0,1,1.0,3,3,Yes,No,1,1,0,0,0,1,0,0,0,0,0,1,0,0.2857142857142857,0.19938694999215476,0.10810810810810811,0.125,0.0,0.42857142857142855
82,55.0,Female,Research & Development,Other,2,Manager,4533.89,0,3.0,2.0,3,3.0,3,1,No,No,1,0,0,0,1,0,0,0,1,0,0,0,0,0.8809523809523809,0.293624055768498,0.0,0.075,0.03571428571428571,0.14285714285714285
83,29.0,Male,Research & Development,Marketing,4,Laboratory Technician,5933.88,18,22.0,1.0,4,3.0,3,4,No,No,0,0,0,0,1,0,0,1,0,0,0,0,0,0.2619047619047619,0.45052787304149017,0.4864864864864865,0.55,0.0,0.5714285714285714
84,42.0,Female,Human Resources,Human Resources,4,Human Resources,5007.71,7,14.0,1.0,4,1.0,3,6,No,No,1,0,0,1,0,0,1,0,0,0,0,0,0,0.5714285714285714,0.34672741129267254,0.1891891891891892,0.35,0.0,0.8571428571428571
85,44.0,Male,Research & Development,Medical,4,Research Scientist,4406.47,0,15.0,29.0,2,4.0,3,6,No,No,0,0,0,0,1,0,0,0,0,0,1,0,0,0.6190476190476191,0.2793434649093314,0.0,0.375,1.0,0.8571428571428571
86,42.0,Male,Research & Development,Life Sciences,4,Manager,4509.42,4,5.0,7.0,2,2.0,3,3,Yes,No,0,1,0,0,1,0,0,0,1,0,0,0,0,0.5714285714285714,0.29088158160177524,0.10810810810810811,0.125,0.21428571428571427,0.42857142857142855
87,45.0,Male,Research & Development,Other,2,Research Scientist,6461.94,10,10.0,19.0,3,4.0,3,1,No,No,0,0,0,0,1,0,0,0,0,0,1,0,0,0.6428571428571429,0.5097101741644812,0.2702702702702703,0.25,0.6428571428571429,0.14285714285714285
88,39.0,Male,Research & Development,Human Resources,2,Research Scientist,3425.84,0,10.0,20.0,1,4.0,3,1,No,No,0,0,0,0,1,0,0,0,0,0,1,0,0,0.5,0.1694394010714366,0.0,0.25,0.6785714285714286,0.14285714285714285
89,29.0,Female,Research & Development,Medical,3,Manufacturing Director,3987.13,3,3.0,2.0,1,3.0,3,2,Yes,No,1,1,0,0,1,0,0,0,0,1,0,0,0,0.2619047619047619,0.2323459529733486,0.08108108108108109,0.075,0.03571428571428571,0.2857142857142857
90,40.0,Female,Research & Development,Technical Degree,3,Manufacturing Director,5490.11,5,11.0,24.0,2,4.0,3,2,No,No,1,0,0,0,1,0,0,0,0,1,0,0,0,0.5238095238095238,0.40079236993701384,0.13513513513513514,0.275,0.8214285714285714,0.2857142857142857
91,29.0,Female,Sales,Technical Degree,1,Sales Representative,4796.27,6,6.0,4.0,3,4.0,4,3,Yes,No,1,1,0,0,0,1,0,0,0,0,0,0,1,0.2619047619047619,0.3230302826530384,0.16216216216216217,0.15,0.10714285714285714,0.42857142857142855
92,51.0,Female,Sales,Life Sciences,3,Sales Representative,4808.2,7,9.0,1.0,3,4.0,3,4,No,No,1,0,0,0,0,1,0,0,0,0,0,0,1,0.7857142857142857,0.3243673368749019,0.1891891891891892,0.225,0.0,0.5714285714285714
93,27.0,Male,Sales,Technical Degree,2,Sales Executive,4779.65,10,14.0,4.0,4,1.0,3,0,No,No,0,0,0,0,0,1,0,0,0,0,0,1,0,0.21428571428571427,0.3211675968887992,0.2702702702702703,0.35,0.10714285714285714,0.0
94,43.0,Female,Sales,Medical,1,Sales Representative,2527.36,0,13.0,6.0,2,2.0,3,2,No,Yes,1,0,1,0,0,1,0,0,0,0,0,0,1,0.5952380952380952,0.06874229484679355,0.0,0.325,0.17857142857142858,0.2857142857142857
95,27.0,Female,Sales,Technical Degree,2,Manager,5070.41,6,6.0,2.0,4,2.0,3,4,Yes,No,1,1,0,0,0,1,0,0,1,0,0,0,0,0.21428571428571427,0.35375451101696814,0.16216216216216217,0.15,0.03571428571428571,0.5714285714285714
96,26.0,Male,Sales,Marketing,2,Sales Executive,6144.57,12,12.0,22.0,1,2.0,3,4,No,No,0,0,0,0,0,1,0,0,0,0,0,1,0,0.19047619047619047,0.4741409454643265,0.32432432432432434,0.3,0.75,0.5714285714285714
97,42.0,Male,Research & Development,Life Sciences,3,Laboratory Technician,4779.65,0,0.0,3.0,1,2.0,3,4,No,No,0,0,0,0,1,0,0,1,0,0,0,0,0,0.5714285714285714,0.3211675968887992,0.0,0.0,0.07142857142857142,0.5714285714285714
98,45.0,Male,Research & Development,Human Resources,3,Research Scientist,4479.96,3,4.0,27.0,2,4.0,3,2,No,No,0,0,0,0,1,0,0,0,0,0,1,0,0,0.6428571428571429,0.2875798534059579,0.08108108108108109,0.1,0.9285714285714286,0.2857142857142857
99,25.0,Male,Sales,Other,3,Manager,4697.15,0,4.0,29.0,1,4.0,3,2,Yes,No,0,1,0,0,0,1,0,0,1,0,0,0,0,0.16666666666666666,0.3119214130410418,0.0,0.1,1.0,0.2857142857142857
100,38.0,Male,Human Resources,Technical Degree,3,Human Resources,2996.82,3,3.0,5.0,3,3.0,3,2,No,No,0,0,0,1,0,0,1,0,0,0,0,0,0,0.47619047619047616,0.1213570035639836,0.08108108108108109,0.075,0.14285714285714285,0.2857142857142857
101,31.0,Male,Research & Development,Other,2,Laboratory Technician,4627.21,8,8.0,2.0,2,1.0,4,2,No,Yes,0,0,1,0,1,0,0,1,0,0,0,0,0,0.30952380952380953,0.3040828906372582,0.21621621621621623,0.2,0.03571428571428571,0.2857142857142857
102,42.0,Male,Research & Development,Human Resources,1,Manufacturing Director,4779.65,8,10.0,3.0,1,2.0,4,2,No,No,0,0,0,0,1,0,0,0,0,1,0,0,0,0.5714285714285714,0.3211675968887992,0.21621621621621623,0.25,0.07142857142857142,0.2857142857142857
103,39.0,Male,Sales,Human Resources,2,Sales Executive,3493.58,4,5.0,13.0,1,3.0,3,3,No,Yes,0,0,1,0,0,1,0,0,0,0,0,1,0,0.5,0.17703135857261335,0.10810810810810811,0.125,0.42857142857142855,0.42857142857142855
104,36.0,Male,Research & Development,Marketing,2,Research Scientist,4392.28,2,7.0,2.0,1,1.0,3,2,No,No,0,0,0,0,1,0,0,0,0,0,1,0,0,0.42857142857142855,0.27775312128751706,0.05405405405405406,0.175,0.03571428571428571,0.2857142857142857
105,45.0,Female,Sales,Medical,2,Sales Executive,2750.13,0,1.0,8.0,1,3.0,3,1,No,No,1,0,0,0,0,1,0,0,0,0,0,1,0,0.6428571428571429,0.09370923273485308,0.0,0.025,0.25,0.14285714285714285
106,33.0,Male,Sales,Technical Degree,3,Sales Executive,3270.74,2,7.0,1.0,4,2.0,4,1,No,No,0,0,0,0,0,1,0,0,0,0,0,1,0,0.35714285714285715,0.15205657543765266,0.05405405405405406,0.175,0.0,0.14285714285714285
107,44.0,Female,Sales,Life Sciences,2,Sales Executive,4127.82,4,8.0,2.0,4,3.0,3,4,No,No,1,0,0,0,0,1,0,0,0,0,0,1,0,0.6190476190476191,0.24811377849505745,0.10810810810810811,0.2,0.03571428571428571,0.5714285714285714
108,21.0,Female,Sales,Marketing,2,Sales Executive,3903.74,2,4.0,1.0,3,1.0,3,3,No,No,1,0,0,0,0,1,0,0,0,0,0,1,0,0.07142857142857142,0.22300002241499112,0.05405405405405406,0.1,0.0,0.42857142857142855
109,48.0,Female,Sales,Marketing,3,Sales Representative,3727.63,0,2.0,29.0,3,3.0,3,3,No,Yes,1,0,1,0,0,1,0,0,0,0,0,0,1,0.7142857142857143,0.20326250196131174,0.0,0.05,1.0,0.42857142857142855
110,36.0,Female,Research & Development,Other,1,Laboratory Technician,2570.78,2,10.0,1.0,1,2.0,3,5,No,Yes,1,0,1,0,1,0,0,1,0,0,0,0,0,0.42857142857142855,0.0736085894246072,0.05405405405405406,0.25,0.0,0.7142857142857143
111,33.0,Male,Research & Development,Technical Degree,1,Manager,4607.93,7,7.0,5.0,4,2.0,3,2,No,No,0,0,0,0,1,0,0,0,1,0,0,0,0,0.35714285714285715,0.30192208549077626,0.1891891891891892,0.175,0.14285714285714285,0.2857142857142857
112,40.0,Female,Research & Development,Technical Degree,1,Laboratory Technician,3672.78,2,4.0,1.0,3,4.0,3,1,No,No,1,0,0,0,1,0,0,1,0,0,0,0,0,0.5238095238095238,0.1971151906394997,0.05405405405405406,0.1,0.0,0.14285714285714285
113,36.0,Male,Research & Development,Other,5,Research Scientist,6129.19,8,13.0,29.0,3,1.0,3,4,No,No,0,0,0,0,1,0,0,0,0,0,1,0,0,0.42857142857142855,0.47241723264519303,0.21621621621621623,0.325,1.0,0.5714285714285714
114,38.0,Male,Sales,Marketing,2,Manager,3142.69,3,14.0,5.0,3,2.0,4,2,No,Yes,0,0,1,0,0,1,0,0,1,0,0,0,0,0.47619047619047616,0.13770537735637595,0.08108108108108109,0.35,0.14285714285714285,0.2857142857142857
115,28.0,Female,Sales,Life Sciences,3,Sales Representative,4133.78,0,0.0,25.0,3,3.0,4,1,Yes,No,1,1,0,0,0,1,0,0,0,0,0,0,1,0.23809523809523808,0.2487817452312106,0.0,0.0,0.8571428571428571,0.14285714285714285
116,29.0,Male,Research & Development,Technical Degree,1,Manager,7754.57,13,13.0,3.0,4,4.0,3,4,No,No,0,0,0,0,1,0,0,0,1,0,0,0,0,0.2619047619047619,0.6545816241902583,0.35135135135135137,0.325,0.07142857142857142,0.5714285714285714
117,29.0,Male,Sales,Marketing,3,Manager,7039.74,5,6.0,28.0,4,3.0,3,1,No,No,0,0,0,0,0,1,0,0,1,0,0,0,0,0.2619047619047619,0.5744670835855019,0.13513513513513514,0.15,0.9642857142857143,0.14285714285714285
118,60.0,Male,Research & Development,Other,5,Laboratory Technician,7284.48,11,13.0,2.0,2,2.0,4,2,No,No,0,0,0,0,1,0,0,1,0,0,0,0,0,1.0,0.6018963082509582,0.2972972972972973,0.325,0.03571428571428571,0.2857142857142857
119,49.0,Male,Sales,Marketing,3,Manager,4890.65,1,7.0,12.0,2,4.0,3,1,Yes,No,0,1,0,0,0,1,0,0,1,0,0,0,0,0.7380952380952381,0.33360791697487274,0.02702702702702703,0.175,0.39285714285714285,0.14285714285714285
120,41.0,Male,Human Resources,Medical,2,Manager,4702.1,4,6.0,19.0,1,3.0,3,1,No,No,0,0,0,1,0,0,0,0,1,0,0,0,0,0.5476190476190477,0.3124761840719073,0.10810810810810811,0.15,0.6428571428571429,0.14285714285714285
121,34.0,Female,Sales,Human Resources,2,Sales Representative,4529.55,9,11.0,8.0,4,2.0,3,2,No,No,1,0,0,0,0,1,0,0,0,0,0,0,1,0.38095238095238093,0.29313765046062806,0.24324324324324326,0.275,0.25,0.2857142857142857
122,33.0,Female,Research & Development,Human Resources,5,Manager,6390.05,12,18.0,1.0,2,2.0,3,6,Yes,Yes,1,1,1,0,1,0,0,0,1,0,0,0,0,0.35714285714285715,0.5016531055970233,0.32432432432432434,0.45,0.0,0.8571428571428571
123,32.0,Female,Research & Development,Technical Degree,1,Research Scientist,4779.65,10,13.0,15.0,1,4.0,3,4,No,No,1,0,0,0,1,0,0,0,0,0,1,0,0,0.3333333333333333,0.3211675968887992,0.2702702702702703,0.325,0.5,0.5714285714285714
124,32.0,Female,Research & Development,Marketing,2,Laboratory Technician,3869.6,8,12.0,4.0,4,1.0,3,5,No,No,1,0,0,0,1,0,0,1,0,0,0,0,0,0.3333333333333333,0.21917378342635552,0.21621621621621623,0.3,0.10714285714285714,0.7142857142857143
125,41.0,Female,Sales,Marketing,1,Manager,5389.99,4,5.0,9.0,1,1.0,3,1,No,No,1,0,0,0,0,1,0,0,1,0,0,0,0,0.5476190476190477,0.38957142536928696,0.10810810810810811,0.125,0.2857142857142857,0.14285714285714285
126,41.0,Female,Research & Development,Other,3,Laboratory Technician,5488.69,3,5.0,1.0,4,1.0,3,4,No,No,1,0,0,0,1,0,0,1,0,0,0,0,0,0.5476190476190477,0.4006332234998767,0.08108108108108109,0.125,0.0,0.5714285714285714
127,41.0,Female,Sales,Life Sciences,2,Sales Executive,5218.6,24,27.0,14.0,4,2.0,3,4,Yes,No,1,1,0,0,0,1,0,0,0,0,0,1,0,0.5476190476190477,0.37036289870665506,0.6486486486486487,0.675,0.4642857142857143,0.5714285714285714
128,41.0,Male,Sales,Other,2,Sales Executive,5503.51,12,13.0,16.0,4,3.0,3,5,No,No,0,0,0,0,0,1,0,0,0,0,0,1,0,0.5476190476190477,0.40229417434380116,0.32432432432432434,0.325,0.5357142857142857,0.7142857142857143
129,40.0,Male,Research & Development,Human Resources,4,Manager,4310.95,0,8.0,5.0,4,1.0,3,0,No,No,0,0,0,0,1,0,0,0,1,0,0,0,0,0.5238095238095238,0.26863806513796423,0.0,0.2,0.14285714285714285,0.0
130,36.0,Female,Sales,Marketing,4,Sales Representative,4736.61,6,6.0,8.0,4,2.0,3,3,No,No,1,0,0,0,0,1,0,0,0,0,0,0,1,0.42857142857142855,0.3163438907941631,0.16216216216216217,0.15,0.25,0.42857142857142855
131,30.0,Male,Sales,Medical,1,Sales Representative,3662.13,1,3.0,19.0,4,1.0,3,3,No,Yes,0,0,1,0,0,1,0,0,0,0,0,0,1,0.2857142857142857,0.195921592360971,0.02702702702702703,0.075,0.6428571428571429,0.42857142857142855
132,38.0,Male,Research & Development,Medical,1,Manager,4779.65,3,3.0,1.0,1,4.0,3,2,No,No,0,0,0,0,1,0,0,0,1,0,0,0,0,0.47619047619047616,0.3211675968887992,0.08108108108108109,0.075,0.0,0.2857142857142857
133,36.0,Female,Sales,Human Resources,2,Manager,6760.65,3,5.0,4.0,4,1.0,3,6,Yes,Yes,1,1,1,0,0,1,0,0,1,0,0,0,0,0.42857142857142855,0.5431880841907066,0.08108108108108109,0.125,0.10714285714285714,0.8571428571428571
134,45.0,Female,Sales,Human Resources,2,Manager,3864.85,0,0.0,11.0,3,1.0,3,4,No,No,1,0,0,0,0,1,0,0,1,0,0,0,0,0.6428571428571429,0.21864142738663617,0.0,0.0,0.35714285714285715,0.5714285714285714
135,41.0,Female,Research & Development,Human Resources,1,Manager,4569.23,4,4.0,1.0,2,4.0,3,0,No,Yes,1,0,1,0,1,0,0,0,1,0,0,0,0,0.5476190476190477,0.29758478470401,0.10810810810810811,0.1,0.0,0.0
136,37.0,Male,Research & Development,Life Sciences,2,Manufacturing Director,4629.1,3,3.0,15.0,4,3.0,3,3,No,No,0,0,0,0,1,0,0,0,0,1,0,0,0,0.4523809523809524,0.3042947123035887,0.08108108108108109,0.075,0.5,0.42857142857142855
137,20.0,Female,Sales,Technical Degree,4,Manager,3531.76,4,6.0,3.0,1,1.0,4,2,No,Yes,1,0,1,0,0,1,0,0,1,0,0,0,0,0.047619047619047616,0.18131038038239977,0.10810810810810811,0.15,0.07142857142857142,0.2857142857142857
138,40.0,Male,Sales,Life Sciences,4,Manager,6242.47,4,4.0,6.0,4,3.0,3,2,Yes,Yes,0,1,1,0,0,1,0,0,1,0,0,0,0,0.5238095238095238,0.48511308363033195,0.10810810810810811,0.1,0.17857142857142858,0.2857142857142857
139,27.0,Male,Sales,Marketing,2,Manager,5616.97,4,4.0,1.0,2,4.0,4,3,No,Yes,0,0,1,0,0,1,0,0,1,0,0,0,0,0.21428571428571427,0.41501019882097145,0.10810810810810811,0.1,0.0,0.42857142857142855
140,36.0,Male,Sales,Human Resources,5,Sales Representative,2990.21,1,8.0,1.0,1,2.0,3,3,Yes,No,0,1,0,0,0,1,0,0,0,0,0,0,1,0.42857142857142855,0.1206161881066057,0.02702702702702703,0.2,0.0,0.42857142857142855
141,27.0,Male,Research & Development,Medical,3,Research Scientist,2967.65,3,23.0,5.0,1,4.0,3,4,No,No,0,0,0,0,1,0,0,0,0,0,1,0,0,0.21428571428571427,0.11808777710532804,0.08108108108108109,0.575,0.14285714285714285,0.5714285714285714
142,39.0,Male,Human Resources,Technical Degree,2,Human Resources,3790.94,3,3.0,9.0,4,4.0,3,3,No,No,0,0,0,1,0,0,1,0,0,0,0,0,0,0.5,0.21035796740860288,0.08108108108108109,0.075,0.2857142857142857,0.42857142857142855
143,31.0,Male,Research & Development,Life Sciences,4,Laboratory Technician,3873.94,7,15.0,3.0,3,1.0,3,3,No,No,0,0,0,0,1,0,0,1,0,0,0,0,0,0.30952380952380953,0.21966018873422544,0.1891891891891892,0.375,0.07142857142857142,0.42857142857142855
144,45.0,Male,Sales,Human Resources,3,Manager,5767.32,0,8.0,21.0,3,4.0,3,4,No,No,0,0,0,0,0,1,0,0,1,0,0,0,0,0.6428571428571429,0.43186066841503595,0.0,0.2,0.7142857142857143,0.5714285714285714
145,32.0,Male,Sales,Life Sciences,3,Sales Representative,4921.0,6,6.0,3.0,4,1.0,3,0,No,No,0,0,0,0,0,1,0,0,0,0,0,0,1,0.3333333333333333,0.3370093918812902,0.16216216216216217,0.15,0.07142857142857142,0.0
146,43.0,Male,Sales,Technical Degree,2,Sales Representative,3116.76,0,6.0,3.0,1,3.0,3,1,No,Yes,0,0,1,0,0,1,0,0,0,0,0,0,1,0.5952380952380952,0.13479927375428688,0.0,0.15,0.07142857142857142,0.14285714285714285
147,35.0,Male,Research & Development,Medical,1,Laboratory Technician,3255.59,2,3.0,4.0,1,3.0,3,4,Yes,No,0,1,0,0,1,0,0,1,0,0,0,0,0,0.40476190476190477,0.15035863985833728,0.05405405405405406,0.075,0.10714285714285714,0.5714285714285714
148,36.0,Female,Sales,Life Sciences,3,Sales Executive,5741.06,10,13.0,4.0,1,3.0,3,3,No,Yes,1,0,1,0,0,1,0,0,0,0,0,1,0,0.42857142857142855,0.42891758007755587,0.2702702702702703,0.325,0.10714285714285714,0.42857142857142855
149,36.0,Male,Human Resources,Medical,1,Manager,6503.67,7,8.0,13.0,1,2.0,3,1,No,No,0,0,0,1,0,0,0,0,1,0,0,0,0,0.42857142857142855,0.5143870620671105,0.1891891891891892,0.2,0.42857142857142855,0.14285714285714285
150,38.0,Male,Research & Development,Life Sciences,2,Laboratory Technician,5504.33,12,15.0,6.0,3,2.0,3,6,No,No,0,0,0,0,1,0,0,1,0,0,0,0,0,0.47619047619047616,0.4023860758075,0.32432432432432434,0.375,0.17857142857142858,0.8571428571428571
151,41.0,Female,Research & Development,Life Sciences,2,Manufacturing Director,5531.69,0,4.0,2.0,1,2.0,3,3,No,No,1,0,0,0,1,0,0,0,0,1,0,0,0,0.5476190476190477,0.40545244659628354,0.0,0.1,0.03571428571428571,0.42857142857142855
152,34.0,Female,Sales,Life Sciences,4,Sales Representative,3844.92,1,5.0,15.0,1,1.0,3,3,Yes,No,1,1,0,0,0,1,0,0,0,0,0,0,1,0.38095238095238093,0.21640777351892945,0.02702702702702703,0.125,0.5,0.42857142857142855
153,33.0,Male,Research & Development,Human Resources,4,Manager,4178.55,2,2.0,2.0,4,3.0,3,1,Yes,Yes,0,1,1,0,1,0,0,0,1,0,0,0,0,0.35714285714285715,0.2537993409992603,0.05405405405405406,0.05,0.03571428571428571,0.14285714285714285
154,26.0,Male,Sales,Marketing,3,Sales Representative,2010.08,0,2.0,7.0,3,1.0,3,4,No,Yes,0,0,1,0,0,1,0,0,0,0,0,0,1,0.19047619047619047,0.010768161746576101,0.0,0.05,0.21428571428571427,0.5714285714285714
155,23.0,Male,Sales,Human Resources,1,Manager,6176.88,8,9.0,3.0,4,3.0,3,4,No,No,0,0,0,0,0,1,0,0,1,0,0,0,0,0.11904761904761904,0.4777620872839755,0.21621621621621623,0.225,0.07142857142857142,0.5714285714285714
156,47.0,Male,Sales,Marketing,3,Manager,5740.86,3,3.0,7.0,4,2.0,3,4,No,No,0,0,0,0,0,1,0,0,1,0,0,0,0,0.6904761904761905,0.42889516508640974,0.08108108108108109,0.075,0.21428571428571427,0.5714285714285714
157,33.0,Female,Sales,Medical,2,Sales Representative,4136.35,1,16.0,3.0,3,3.0,3,2,No,No,1,0,0,0,0,1,0,0,0,0,0,0,1,0.35714285714285715,0.24906977786743778,0.02702702702702703,0.4,0.07142857142857142,0.2857142857142857
158,28.0,Male,Sales,Life Sciences,2,Sales Representative,3645.26,0,2.0,2.0,2,1.0,4,2,No,No,0,0,0,0,0,1,0,0,0,0,0,0,1,0.23809523809523808,0.19403088785779932,0.0,0.05,0.03571428571428571,0.2857142857142857
159,18.0,Male,Research & Development,Other,4,Laboratory Technician,4416.48,3,12.0,15.0,3,4.0,3,3,Yes,No,0,1,0,0,1,0,0,1,0,0,0,0,0,0.0,0.28046533521619255,0.08108108108108109,0.3,0.5,0.42857142857142855
160,57.0,Male,Human Resources,Marketing,3,Manager,5154.17,1,1.0,1.0,4,3.0,3,0,No,No,0,0,0,1,0,0,0,0,1,0,0,0,0,0.9285714285714286,0.3631419093089458,0.02702702702702703,0.025,0.0,0.0
161,36.0,Female,Sales,Other,3,Sales Representative,2890.48,1,5.0,10.0,2,1.0,3,2,Yes,Yes,1,1,1,0,0,1,0,0,0,0,0,0,1,0.42857142857142855,0.10943895277161365,0.02702702702702703,0.125,0.32142857142857145,0.2857142857142857
162,42.0,Female,Research & Development,Other,2,Manager,5711.2,6,6.0,5.0,1,3.0,3,4,No,No,1,0,0,0,1,0,0,0,1,0,0,0,0,0.5714285714285714,0.4255710218994463,0.16216216216216217,0.15,0.14285714285714285,0.5714285714285714
163,21.0,Female,Human Resources,Human Resources,2,Human Resources,3632.8,4,5.0,2.0,1,4.0,3,2,No,No,1,0,0,1,0,0,1,0,0,0,0,0,0,0.07142857142857142,0.1926344339093986,0.10810810810810811,0.125,0.03571428571428571,0.2857142857142857
164,43.0,Male,Research & Development,Human Resources,4,Manufacturing Director,5868.2,2,10.0,2.0,4,1.0,3,5,Yes,No,0,1,0,0,1,0,0,0,0,1,0,0,0,0.5952380952380952,0.44316678994911796,0.05405405405405406,0.25,0.03571428571428571,0.7142857142857143
165,24.0,Male,Research & Development,Marketing,4,Manager,5400.93,3,9.0,5.0,1,1.0,3,5,No,Yes,0,0,1,0,1,0,0,0,1,0,0,0,0,0.14285714285714285,0.3907975253849775,0.08108108108108109,0.225,0.14285714285714285,0.7142857142857143
166,36.0,Male,Research & Development,Technical Degree,2,Research Scientist,3400.78,1,2.0,28.0,3,2.0,3,1,No,No,0,0,0,0,1,0,0,0,0,0,1,0,0,0.42857142857142855,0.16663080268083297,0.02702702702702703,0.05,0.9642857142857143,0.14285714285714285
167,50.0,Female,Research & Development,Other,2,Manufacturing Director,5318.99,7,13.0,3.0,3,3.0,3,1,No,No,1,0,0,0,1,0,0,0,0,1,0,0,0,0.7619047619047619,0.3816141035124291,0.1891891891891892,0.325,0.07142857142857142,0.14285714285714285
168,49.0,Male,Research & Development,Medical,2,Manufacturing Director,6126.69,5,17.0,12.0,1,1.0,3,0,No,No,0,0,0,0,1,0,0,0,0,1,0,0,0,0.7380952380952381,0.4721370452558671,0.13513513513513514,0.425,0.39285714285714285,0.0
169,43.0,Male,Research & Development,Life Sciences,3,Laboratory Technician,5773.24,10,14.0,21.0,3,1.0,3,6,No,No,0,0,0,0,1,0,0,1,0,0,0,0,0,0.5952380952380952,0.43252415215295986,0.2702702702702703,0.35,0.7142857142857143,0.8571428571428571
170,44.0,Male,Research & Development,Life Sciences,1,Manufacturing Director,5219.11,7,8.0,12.0,4,3.0,3,0,No,No,0,0,0,0,1,0,0,0,0,1,0,0,0,0.6190476190476191,0.3704200569340775,0.1891891891891892,0.2,0.39285714285714285,0.0
171,53.0,Male,Sales,Marketing,3,Manager,5974.86,2,4.0,4.0,3,4.0,3,2,No,No,0,0,0,0,0,1,0,0,1,0,0,0,0,0.8333333333333334,0.4551207047273216,0.05405405405405406,0.1,0.10714285714285714,0.2857142857142857
172,46.0,Female,Sales,Human Resources,2,Sales Representative,4741.39,11,27.0,21.0,1,3.0,3,2,No,Yes,1,0,1,0,0,1,0,0,0,0,0,0,1,0.6666666666666666,0.3168796090825544,0.2972972972972973,0.675,0.7142857142857143,0.2857142857142857
173,47.0,Male,Sales,Other,2,Sales Representative,4009.15,2,2.0,2.0,2,3.0,3,2,No,Yes,0,0,1,0,0,1,0,0,0,0,0,0,1,0.6904761904761905,0.23481384349853182,0.05405405405405406,0.05,0.03571428571428571,0.2857142857142857
174,44.0,Female,Research & Development,Technical Degree,2,Manager,7316.98,23,23.0,4.0,2,1.0,3,3,No,No,1,0,0,0,1,0,0,0,1,0,0,0,0,0.6190476190476191,0.6055387443121959,0.6216216216216216,0.575,0.10714285714285714,0.42857142857142855
175,29.0,Male,Sales,Medical,2,Manager,5985.3,6,19.0,2.0,1,3.0,4,1,No,No,0,0,0,0,0,1,0,0,1,0,0,0,0,0.2619047619047619,0.45629076726514695,0.16216216216216217,0.475,0.03571428571428571,0.14285714285714285
176,29.0,Female,Research & Development,Other,4,Laboratory Technician,5037.29,2,3.0,7.0,2,1.0,4,3,No,No,1,0,0,0,1,0,0,1,0,0,0,0,0,0.2619047619047619,0.35004258848317754,0.05405405405405406,0.075,0.21428571428571427,0.42857142857142855
177,23.0,Male,Sales,Other,4,Sales Representative,4779.65,5,6.0,1.0,4,2.0,4,4,Yes,Yes,0,1,1,0,0,1,0,0,0,0,0,0,1,0.11904761904761904,0.3211675968887992,0.13513513513513514,0.15,0.0,0.5714285714285714
178,36.0,Female,Research & Development,Technical Degree,4,Manufacturing Director,5741.57,5,8.0,1.0,1,1.0,4,3,No,Yes,1,0,1,0,1,0,0,0,0,1,0,0,0,0.42857142857142855,0.42897473830497834,0.13513513513513514,0.2,0.0,0.42857142857142855
179,34.0,Male,Sales,Other,3,Sales Executive,3993.88,6,6.0,7.0,2,2.0,3,6,No,No,0,0,0,0,0,1,0,0,0,0,0,1,0,0.38095238095238093,0.23310245892452872,0.16216216216216217,0.15,0.21428571428571427,0.8571428571428571
180,37.0,Female,Human Resources,Life Sciences,2,Manager,7197.67,6,13.0,16.0,3,4.0,3,2,No,No,1,0,0,1,0,0,0,0,1,0,0,0,0,0.4523809523809524,0.5921670813440029,0.16216216216216217,0.325,0.5357142857142857,0.2857142857142857
181,37.0,Male,Research & Development,Other,1,Research Scientist,3841.41,1,2.0,4.0,1,1.0,4,1,Yes,No,0,1,0,0,1,0,0,0,0,0,1,0,0,0.4523809523809524,0.21601439042431575,0.02702702702702703,0.05,0.10714285714285714,0.14285714285714285
182,37.0,Female,Research & Development,Technical Degree,4,Manufacturing Director,7751.36,15,17.0,1.0,4,1.0,3,3,Yes,No,1,1,0,0,1,0,0,0,0,1,0,0,0,0.4523809523809524,0.6542218635823638,0.40540540540540543,0.425,0.0,0.42857142857142855
183,37.0,Female,Research & Development,Life Sciences,1,Laboratory Technician,5015.04,14,14.0,3.0,4,3.0,3,5,Yes,No,1,1,0,0,1,0,0,1,0,0,0,0,0,0.4523809523809524,0.3475489207181763,0.3783783783783784,0.35,0.07142857142857142,0.7142857142857143
184,20.0,Male,Research & Development,Human Resources,3,Manager,6094.63,1,1.0,5.0,3,4.0,4,0,Yes,No,0,1,0,0,1,0,0,0,1,0,0,0,0,0.047619047619047616,0.46854392217515073,0.02702702702702703,0.025,0.14285714285714285,0.0
185,58.0,Male,Sales,Other,3,Sales Representative,5483.91,2,7.0,2.0,2,1.0,3,6,No,Yes,0,0,1,0,0,1,0,0,0,0,0,0,1,0.9523809523809523,0.4000975052114854,0.05405405405405406,0.175,0.03571428571428571,0.8571428571428571
186,49.0,Female,Human Resources,Human Resources,2,Manager,4521.52,1,2.0,9.0,1,2.0,3,3,Yes,No,1,1,0,1,0,0,0,0,1,0,0,0,0,0.7380952380952381,0.29223768856611304,0.02702702702702703,0.05,0.2857142857142857,0.42857142857142855
187,43.0,Female,Research & Development,Other,2,Research Scientist,3355.49,4,11.0,10.0,3,3.0,4,5,No,No,1,0,0,0,1,0,0,0,0,0,1,0,0,0.5952380952380952,0.16155492793580342,0.10810810810810811,0.275,0.32142857142857145,0.7142857142857143
188,36.0,Male,Research & Development,Medical,3,Manufacturing Director,4779.65,0,4.0,27.0,2,1.0,3,0,No,No,0,0,0,0,1,0,0,0,0,1,0,0,0,0.42857142857142855,0.3211675968887992,0.0,0.1,0.9285714285714286,0.0
189,30.0,Female,Research & Development,Marketing,2,Research Scientist,3762.32,2,3.0,9.0,3,3.0,4,0,No,No,1,0,0,0,1,0,0,0,0,0,1,0,0,0.2857142857142857,0.20715038217559906,0.05405405405405406,0.075,0.2857142857142857,0.0
190,39.0,Female,Research & Development,Life Sciences,1,Laboratory Technician,4739.3,4,5.0,6.0,3,4.0,3,2,No,No,1,0,0,0,1,0,0,1,0,0,0,0,0,0.5,0.3166453724250779,0.10810810810810811,0.125,0.17857142857142858,0.2857142857142857
191,40.0,Female,Sales,Other,3,Sales Representative,5339.94,8,15.0,4.0,3,2.0,3,3,No,No,1,0,0,0,0,1,0,0,0,0,0,0,1,0.5238095238095238,0.38396207383498077,0.21621621621621623,0.375,0.10714285714285714,0.42857142857142855
192,25.0,Male,Research & Development,Other,1,Laboratory Technician,3536.71,3,15.0,4.0,3,2.0,3,3,No,No,0,0,0,0,1,0,0,1,0,0,0,0,0,0.16666666666666666,0.18186515141326517,0.08108108108108109,0.375,0.10714285714285714,0.42857142857142855
193,41.0,Male,Research & Development,Human Resources,1,Laboratory Technician,4751.33,9,14.0,13.0,1,4.0,3,1,No,Yes,0,0,1,0,1,0,0,1,0,0,0,0,0,0.5476190476190477,0.31799363414251447,0.24324324324324326,0.35,0.42857142857142855,0.14285714285714285
194,22.0,Male,Research & Development,Other,2,Laboratory Technician,10344.07,33,39.0,18.0,4,3.0,4,3,No,No,0,0,0,0,1,0,0,1,0,0,0,0,0,0.09523809523809523,0.9447997220541097,0.8918918918918919,0.975,0.6071428571428571,0.42857142857142855
195,36.0,Male,Research & Development,Human Resources,2,Laboratory Technician,5390.59,19,27.0,3.0,4,3.0,3,2,Yes,Yes,0,1,1,0,1,0,0,1,0,0,0,0,0,0.42857142857142855,0.3896386703427252,0.5135135135135135,0.675,0.07142857142857142,0.2857142857142857
196,47.0,Male,Research & Development,Human Resources,3,Laboratory Technician,10205.92,28,33.0,6.0,3,3.0,4,3,No,No,0,0,0,0,1,0,0,1,0,0,0,0,0,0.6904761904761905,0.929316566919956,0.7567567567567568,0.825,0.17857142857142858,0.42857142857142855
197,18.0,Male,Research & Development,Other,1,Manufacturing Director,6173.76,7,10.0,13.0,3,3.0,3,0,No,No,0,0,0,0,1,0,0,0,0,1,0,0,0,0.0,0.4774124134220967,0.1891891891891892,0.25,0.42857142857142855,0.0
198,35.0,Female,Research & Development,Life Sciences,1,Research Scientist,4543.76,6,9.0,1.0,3,1.0,3,2,Yes,Yes,1,1,1,0,1,0,0,0,0,0,1,0,0,0.40476190476190477,0.294730235581557,0.16216216216216217,0.225,0.0,0.2857142857142857
199,35.0,Male,Research & Development,Technical Degree,1,Manufacturing Director,6672.05,4,6.0,25.0,1,1.0,3,1,No,No,0,0,0,0,1,0,0,0,0,1,0,0,0,0.40476190476190477,0.533258243112994,0.10810810810810811,0.15,0.8571428571428571,0.14285714285714285
200,51.0,Male,Sales,Other,3,Sales Executive,5449.39,7,10.0,2.0,3,4.0,3,6,No,No,0,0,0,0,0,1,0,0,0,0,0,1,0,0.7857142857142857,0.3962286777396723,0.1891891891891892,0.25,0.03571428571428571,0.8571428571428571
201,36.0,Female,Research & Development,Life Sciences,2,Manufacturing Director,6898.58,13,14.0,8.0,3,4.0,3,3,No,No,1,0,0,0,1,0,0,0,0,1,0,0,0,0.42857142857142855,0.5586465828345998,0.35135135135135137,0.35,0.25,0.42857142857142855
202,30.0,Female,Human Resources,Technical Degree,3,Human Resources,3452.7,2,3.0,3.0,1,4.0,3,1,Yes,Yes,1,1,1,1,0,0,1,0,0,0,0,0,0,0.2857142857142857,0.1724497343823549,0.05405405405405406,0.075,0.07142857142857142,0.14285714285714285
203,44.0,Male,Research & Development,Other,4,Manufacturing Director,5717.74,2,7.0,12.0,4,2.0,4,0,No,No,0,0,0,0,1,0,0,0,0,1,0,0,0,0.6190476190476191,0.4263039921099231,0.05405405405405406,0.175,0.39285714285714285,0.0
204,38.0,Male,Sales,Human Resources,3,Sales Representative,2930.34,6,6.0,29.0,3,3.0,3,0,No,No,0,0,0,0,0,1,0,0,0,0,0,0,1,0.47619047619047616,0.11390626050702711,0.16216216216216217,0.15,1.0,0.0
205,52.0,Male,Sales,Technical Degree,2,Sales Executive,5612.11,6,6.0,4.0,3,1.0,3,2,No,No,0,0,0,0,0,1,0,0,0,0,0,1,0,0.8095238095238095,0.4144655145361217,0.16216216216216217,0.15,0.10714285714285714,0.2857142857142857
206,37.0,Male,Research & Development,Life Sciences,2,Laboratory Technician,6076.93,11,11.0,1.0,3,4.0,3,5,No,No,0,0,0,0,1,0,0,1,0,0,0,0,0,0.4523809523809524,0.4665601954587228,0.2972972972972973,0.275,0.0,0.7142857142857143
207,38.0,Female,Human Resources,Human Resources,2,Manager,6336.42,6,6.0,1.0,2,4.0,3,2,No,No,1,0,0,1,0,0,0,0,1,0,0,0,0,0.47619047619047616,0.4956425257212023,0.16216216216216217,0.15,0.0,0.2857142857142857
208,48.0,Male,Sales,Human Resources,2,Sales Executive,2676.02,0,1.0,20.0,3,1.0,3,1,No,No,0,0,0,0,0,1,0,0,0,0,0,1,0,0.7142857142857143,0.08540335776567368,0.0,0.025,0.6785714285714286,0.14285714285714285
209,37.0,Female,Sales,Human Resources,4,Sales Representative,5053.95,3,10.0,11.0,1,4.0,3,1,No,No,1,0,0,0,0,1,0,0,0,0,0,0,1,0.4523809523809524,0.3519097572456458,0.08108108108108109,0.25,0.35714285714285715,0.14285714285714285
210,38.0,Female,Research & Development,Other,1,Manufacturing Director,5936.32,1,1.0,14.0,1,1.0,3,2,No,No,1,0,0,0,1,0,0,0,0,1,0,0,0,0.47619047619047616,0.45080133593347227,0.02702702702702703,0.025,0.4642857142857143,0.2857142857142857
211,25.0,Male,Sales,Marketing,3,Sales Executive,3316.94,1,4.0,8.0,1,3.0,3,4,Yes,Yes,0,1,1,0,0,1,0,0,0,0,0,1,0,0.16666666666666666,0.15723443839239684,0.02702702702702703,0.1,0.25,0.5714285714285714
212,22.0,Female,Sales,Marketing,4,Sales Representative,5330.56,1,2.0,8.0,1,3.0,3,3,No,No,1,0,0,0,0,1,0,0,0,0,0,0,1,0.09523809523809523,0.38291081075022976,0.02702702702702703,0.05,0.25,0.42857142857142855
213,27.0,Male,Research & Development,Marketing,1,Manager,3660.79,0,19.0,4.0,3,1.0,3,4,No,No,0,0,0,0,1,0,0,0,1,0,0,0,0,0.21428571428571427,0.1957714119202923,0.0,0.475,0.10714285714285714,0.5714285714285714
214,25.0,Male,Human Resources,Other,1,Human Resources,4779.65,2,2.0,1.0,3,2.0,4,4,No,No,0,0,0,1,0,0,1,0,0,0,0,0,0,0.16666666666666666,0.3211675968887992,0.05405405405405406,0.05,0.0,0.5714285714285714
215,35.0,Female,Sales,Marketing,2,Manager,3949.41,3,10.0,3.0,2,1.0,3,2,No,Yes,1,0,1,0,0,1,0,0,1,0,0,0,0,0.40476190476190477,0.22811848564319814,0.08108108108108109,0.25,0.07142857142857142,0.2857142857142857
216,54.0,Male,Sales,Marketing,4,Sales Executive,5747.16,16,22.0,8.0,1,4.0,3,4,No,Yes,0,0,1,0,0,1,0,0,0,0,0,1,0,0.8571428571428571,0.4296012373075112,0.43243243243243246,0.55,0.25,0.5714285714285714
217,30.0,Male,Research & Development,Human Resources,2,Manufacturing Director,4779.65,5,10.0,4.0,2,3.0,3,0,Yes,Yes,0,1,1,0,1,0,0,0,0,1,0,0,0,0.2857142857142857,0.3211675968887992,0.13513513513513514,0.25,0.10714285714285714,0.0
218,25.0,Male,Human Resources,Other,1,Manager,3676.32,0,4.0,1.0,1,1.0,3,2,No,No,0,0,0,1,0,0,0,0,1,0,0,0,0,0.16666666666666666,0.1975119359827853,0.0,0.1,0.0,0.2857142857142857
219,38.0,Male,Research & Development,Life Sciences,3,Laboratory Technician,3198.11,1,1.0,3.0,3,4.0,3,3,No,No,0,0,0,0,1,0,0,1,0,0,0,0,0,0.47619047619047616,0.1439165714029543,0.02702702702702703,0.025,0.07142857142857142,0.42857142857142855
220,18.0,Female,Human Resources,Medical,3,Manager,7559.31,3,5.0,1.0,2,2.0,3,3,No,Yes,1,0,1,1,0,0,0,0,1,0,0,0,0,0.0,0.632697868334342,0.08108108108108109,0.125,0.0,0.42857142857142855
221,37.0,Female,Research & Development,Technical Degree,2,Manufacturing Director,4779.65,3,10.0,6.0,1,3.0,3,3,No,Yes,1,0,1,0,1,0,0,0,0,1,0,0,0,0.4523809523809524,0.3211675968887992,0.08108108108108109,0.25,0.17857142857142858,0.42857142857142855
222,48.0,Male,Sales,Other,2,Manager,5382.66,7,7.0,5.0,3,1.0,3,2,Yes,No,0,1,0,0,0,1,0,0,1,0,0,0,0,0.7142857142857143,0.38874991594378316,0.1891891891891892,0.175,0.14285714285714285,0.2857142857142857
223,25.0,Female,Sales,Medical,4,Sales Executive,5522.79,9,11.0,1.0,4,2.0,3,3,Yes,No,1,1,0,0,0,1,0,0,0,0,0,1,0,0.16666666666666666,0.4044549794902831,0.24324324324324326,0.275,0.0,0.42857142857142855
224,51.0,Male,Sales,Human Resources,2,Sales Representative,4063.23,4,11.0,17.0,3,1.0,4,3,No,No,0,0,0,0,0,1,0,0,0,0,0,0,1,0.7857142857142857,0.24087485710443143,0.10810810810810811,0.275,0.5714285714285714,0.42857142857142855
225,30.0,Female,Sales,Marketing,3,Sales Representative,4302.26,1,3.0,29.0,2,3.0,4,2,No,No,1,0,0,0,0,1,0,0,0,0,0,0,1,0.2857142857142857,0.2676641337726672,0.02702702702702703,0.075,1.0,0.2857142857142857
226,36.0,Female,Sales,Other,3,Manager,8003.08,9,9.0,3.0,2,3.0,3,1,No,No,1,0,0,0,0,1,0,0,1,0,0,0,0,0.42857142857142855,0.6824333714388182,0.24324324324324326,0.225,0.07142857142857142,0.14285714285714285
227,41.0,Female,Sales,Medical,2,Sales Executive,4779.65,1,3.0,20.0,3,1.0,3,0,No,No,1,0,0,0,0,1,0,0,0,0,0,1,0,0.5476190476190477,0.3211675968887992,0.02702702702702703,0.075,0.6785714285714286,0.0
228,46.0,Male,Research & Development,Other,1,Manager,4808.01,1,10.0,9.0,4,1.0,3,2,No,No,0,0,0,0,1,0,0,0,1,0,0,0,0,0.6666666666666666,0.3243460426333132,0.02702702702702703,0.25,0.2857142857142857,0.2857142857142857
229,24.0,Male,Sales,Other,3,Sales Executive,3938.79,0,2.0,11.0,2,4.0,3,2,No,Yes,0,0,1,0,0,1,0,0,0,0,0,1,0,0.14285714285714285,0.22692824961334138,0.0,0.05,0.35714285714285715,0.2857142857142857
230,43.0,Male,Sales,Medical,4,Sales Representative,3292.72,0,1.0,1.0,2,4.0,4,3,No,Yes,0,0,1,0,0,1,0,0,0,0,0,0,1,0.5952380952380952,0.1545199829646067,0.0,0.025,0.0,0.42857142857142855
231,39.0,Male,Sales,Technical Degree,3,Sales Representative,3707.13,0,4.0,1.0,4,1.0,4,1,Yes,Yes,0,1,1,0,0,1,0,0,0,0,0,0,1,0.5,0.20096496536883868,0.0,0.1,0.0,0.14285714285714285
232,18.0,Female,Sales,Life Sciences,5,Manager,7340.6,8,10.0,29.0,3,1.0,3,4,Yes,Yes,1,1,1,0,0,1,0,0,1,0,0,0,0,0.0,0.6081859547665479,0.21621621621621623,0.25,1.0,0.5714285714285714
233,42.0,Male,Sales,Technical Degree,2,Manager,3298.5,0,15.0,1.0,2,1.0,3,4,No,No,0,0,0,0,0,1,0,0,1,0,0,0,0,0.5714285714285714,0.1551677762087284,0.0,0.375,0.0,0.5714285714285714
234,36.0,Male,Sales,Human Resources,4,Sales Representative,6155.32,6,7.0,2.0,4,2.0,3,2,No,No,0,0,0,0,0,1,0,0,0,0,0,0,1,0.42857142857142855,0.4753457512384282,0.16216216216216217,0.175,0.03571428571428571,0.2857142857142857
235,27.0,Male,Sales,Other,4,Sales Representative,4287.01,6,19.0,2.0,4,1.0,3,0,No,Yes,0,0,1,0,0,1,0,0,0,0,0,0,1,0.21428571428571427,0.26595499069777867,0.16216216216216217,0.475,0.03571428571428571,0.0
236,37.0,Female,Research & Development,Medical,1,Laboratory Technician,3048.47,2,4.0,10.0,4,1.0,3,6,Yes,No,1,1,0,0,1,0,0,1,0,0,0,0,0,0.4523809523809524,0.12714567502745833,0.05405405405405406,0.1,0.32142857142857145,0.8571428571428571
237,31.0,Female,Research & Development,Life Sciences,2,Laboratory Technician,3767.82,4,5.0,8.0,1,2.0,4,1,No,No,1,0,0,0,1,0,0,1,0,0,0,0,0,0.30952380952380953,0.2077667944321162,0.10810810810810811,0.125,0.25,0.14285714285714285
238,29.0,Female,Research & Development,Human Resources,2,Manufacturing Director,5846.7,0,3.0,2.0,1,3.0,3,4,No,No,1,0,0,0,1,0,0,0,0,1,0,0,0,0.2619047619047619,0.4407571784009145,0.0,0.075,0.03571428571428571,0.5714285714285714
239,26.0,Male,Sales,Other,2,Manager,4647.03,4,12.0,4.0,1,2.0,3,4,No,No,0,0,0,0,0,1,0,0,1,0,0,0,0,0.19047619047619047,0.30630421625983456,0.10810810810810811,0.3,0.10714285714285714,0.5714285714285714
240,33.0,Male,Sales,Technical Degree,4,Manager,7023.01,4,9.0,16.0,2,4.0,3,2,No,No,0,0,0,0,0,1,0,0,1,0,0,0,0,0.35714285714285715,0.5725920695761325,0.10810810810810811,0.225,0.5357142857142857,0.2857142857142857
241,20.0,Male,Sales,Human Resources,3,Sales Representative,4809.38,0,0.0,6.0,3,3.0,3,1,No,No,0,0,0,0,0,1,0,0,0,0,0,0,1,0.047619047619047616,0.3244995853226638,0.0,0.0,0.17857142857142858,0.14285714285714285
242,36.0,Male,Sales,Marketing,3,Sales Representative,4815.44,2,6.0,10.0,2,4.0,3,2,No,Yes,0,0,1,0,0,1,0,0,0,0,0,0,1,0.42857142857142855,0.3251787595543899,0.05405405405405406,0.15,0.32142857142857145,0.2857142857142857
243,42.0,Female,Sales,Medical,3,Sales Executive,6520.95,16,17.0,4.0,3,1.0,3,1,Yes,Yes,1,1,1,0,0,1,0,0,0,0,0,1,0,0.5714285714285714,0.5163237173021317,0.43243243243243246,0.425,0.10714285714285714,0.14285714285714285
244,18.0,Male,Research & Development,Other,1,Research Scientist,3488.35,12,14.0,1.0,2,4.0,3,3,No,No,0,0,0,0,1,0,0,0,0,0,1,0,0,0.0,0.1764452065541434,0.32432432432432434,0.35,0.0,0.42857142857142855
245,31.0,Male,Human Resources,Medical,2,Human Resources,4779.65,2,2.0,4.0,1,4.0,3,1,Yes,No,0,1,0,1,0,0,1,0,0,0,0,0,0,0.30952380952380953,0.3211675968887992,0.05405405405405406,0.05,0.10714285714285714,0.14285714285714285
246,47.0,Male,Research & Development,Technical Degree,2,Research Scientist,5800.46,14,16.0,6.0,3,3.0,3,1,No,Yes,0,0,1,0,1,0,0,0,0,0,1,0,0,0.6904761904761905,0.43557483244794115,0.3783783783783784,0.4,0.17857142857142858,0.14285714285714285
247,39.0,Male,Human Resources,Other,1,Manager,5662.0,5,12.0,5.0,2,2.0,4,3,Yes,No,0,1,0,1,0,0,0,0,1,0,0,0,0,0.5,0.42005693407751105,0.13513513513513514,0.3,0.14285714285714285,0.42857142857142855
248,36.0,Female,Human Resources,Medical,2,Human Resources,3969.47,6,7.0,4.0,3,3.0,4,0,No,No,1,0,0,1,0,0,1,0,0,0,0,0,0,0.42857142857142855,0.23036670925514982,0.16216216216216217,0.175,0.10714285714285714,0.0
249,34.0,Male,Sales,Technical Degree,1,Manager,4779.65,9,12.0,3.0,4,4.0,3,6,No,Yes,0,0,1,0,0,1,0,0,1,0,0,0,0,0.38095238095238093,0.3211675968887992,0.24324324324324326,0.3,0.07142857142857142,0.8571428571428571
250,39.0,Male,Research & Development,Marketing,3,Laboratory Technician,3249.99,3,3.0,1.0,3,3.0,3,1,No,No,0,0,0,0,1,0,0,1,0,0,0,0,0,0.5,0.14973102010624703,0.08108108108108109,0.075,0.0,0.14285714285714285
251,29.0,Male,Research & Development,Marketing,2,Manager,6479.71,0,3.0,1.0,3,3.0,3,4,Yes,Yes,0,1,1,0,1,0,0,0,1,0,0,0,0,0.2619047619047619,0.5117017461278103,0.0,0.075,0.0,0.5714285714285714
252,42.0,Male,Human Resources,Life Sciences,1,Manager,9408.27,27,31.0,3.0,2,4.0,3,2,Yes,No,0,1,0,1,0,0,0,0,1,0,0,0,0,0.5714285714285714,0.8399199784816085,0.7297297297297297,0.775,0.07142857142857142,0.2857142857142857
253,32.0,Female,Research & Development,Technical Degree,4,Manufacturing Director,4779.65,1,1.0,3.0,1,1.0,3,4,Yes,No,1,1,0,0,1,0,0,0,0,1,0,0,0,0.3333333333333333,0.3211675968887992,0.02702702702702703,0.025,0.07142857142857142,0.5714285714285714
254,46.0,Female,Research & Development,Human Resources,2,Manufacturing Director,7576.97,29,30.0,12.0,3,3.0,4,3,Yes,No,1,1,0,0,1,0,0,0,0,1,0,0,0,0.6666666666666666,0.6346771120525407,0.7837837837837838,0.75,0.39285714285714285,0.42857142857142855
255,45.0,Male,Sales,Technical Degree,2,Manager,5667.6,12,12.0,13.0,4,2.0,3,2,No,No,0,0,0,0,0,1,0,0,1,0,0,0,0,0.6428571428571429,0.42068455382960124,0.32432432432432434,0.3,0.42857142857142855,0.2857142857142857
256,51.0,Male,Sales,Medical,2,Manager,4132.8,3,5.0,8.0,1,3.0,3,3,No,No,0,0,0,0,0,1,0,0,1,0,0,0,0,0.7857142857142857,0.24867191177459486,0.08108108108108109,0.125,0.25,0.42857142857142855
257,35.0,Male,Research & Development,Marketing,1,Manager,3744.49,7,10.0,2.0,1,2.0,3,4,No,Yes,0,0,1,0,1,0,0,0,1,0,0,0,0,0.40476190476190477,0.2051520857149261,0.1891891891891892,0.25,0.03571428571428571,0.5714285714285714
258,38.0,Male,Research & Development,Other,3,Research Scientist,3488.22,1,3.0,22.0,1,4.0,3,1,No,No,0,0,0,0,1,0,0,0,0,0,1,0,0,0.47619047619047616,0.17643063680989843,0.02702702702702703,0.075,0.75,0.14285714285714285
259,27.0,Male,Sales,Medical,2,Sales Executive,4381.82,9,12.0,7.0,2,3.0,3,1,Yes,No,0,1,0,0,0,1,0,0,0,0,0,1,0,0.21428571428571427,0.27658081725057715,0.24324324324324326,0.3,0.21428571428571427,0.14285714285714285
260,48.0,Male,Research & Development,Life Sciences,3,Research Scientist,2861.54,1,3.0,1.0,3,4.0,3,1,No,No,0,0,0,0,1,0,0,0,0,0,1,0,0,0.7142857142857143,0.10619550355277609,0.02702702702702703,0.075,0.0,0.14285714285714285
261,52.0,Female,Sales,Medical,3,Manager,6365.67,10,10.0,4.0,3,4.0,3,2,Yes,No,1,1,0,0,0,1,0,0,1,0,0,0,0,0.8095238095238095,0.49892071817631634,0.2702702702702703,0.25,0.10714285714285714,0.2857142857142857
262,24.0,Female,Human Resources,Medical,3,Human Resources,5354.91,9,9.0,7.0,3,2.0,3,3,Yes,Yes,1,1,1,1,0,0,1,0,0,0,0,0,0,0.14285714285714285,0.38563983592226475,0.24324324324324326,0.225,0.21428571428571427,0.42857142857142855
263,24.0,Male,Human Resources,Medical,3,Manager,5685.88,1,2.0,1.0,2,3.0,4,2,No,No,0,0,0,1,0,0,0,0,1,0,0,0,0,0.14285714285714285,0.4227332840203528,0.02702702702702703,0.05,0.0,0.2857142857142857
264,41.0,Male,Research & Development,Other,2,Laboratory Technician,5778.42,14,15.0,12.0,4,4.0,3,1,No,No,0,0,0,0,1,0,0,1,0,0,0,0,0,0.5476190476190477,0.4331047004236433,0.3783783783783784,0.375,0.39285714285714285,0.14285714285714285
265,31.0,Female,Research & Development,Other,3,Laboratory Technician,4749.45,2,4.0,9.0,2,3.0,3,2,No,No,1,0,0,0,1,0,0,1,0,0,0,0,0,0.30952380952380953,0.31778293322574136,0.05405405405405406,0.1,0.2857142857142857,0.2857142857142857
266,25.0,Male,Research & Development,Other,4,Manager,6456.15,1,9.0,9.0,3,1.0,3,1,No,No,0,0,0,0,1,0,0,0,1,0,0,0,0,0.16666666666666666,0.5090612601708022,0.02702702702702703,0.225,0.2857142857142857,0.14285714285714285
267,46.0,Male,Sales,Human Resources,4,Manager,7289.07,5,7.0,5.0,4,2.0,3,3,No,No,0,0,0,0,0,1,0,0,1,0,0,0,0,0.6666666666666666,0.6024107322977607,0.13513513513513514,0.175,0.14285714285714285,0.42857142857142855
268,34.0,Male,Sales,Medical,4,Sales Representative,5146.8,1,12.0,2.0,2,3.0,3,3,No,No,0,0,0,0,0,1,0,0,0,0,0,0,1,0.38095238095238093,0.36231591688521286,0.02702702702702703,0.3,0.03571428571428571,0.42857142857142855
269,33.0,Male,Sales,Human Resources,2,Sales Executive,3448.52,0,2.0,4.0,1,1.0,3,4,No,Yes,0,0,1,0,0,1,0,0,0,0,0,1,0,0.35714285714285715,0.17198126106740186,0.0,0.05,0.10714285714285714,0.5714285714285714
270,44.0,Female,Sales,Human Resources,4,Manager,8437.53,11,12.0,2.0,3,1.0,3,0,No,No,1,0,0,0,0,1,0,0,1,0,0,0,0,0.6190476190476191,0.7311243359558873,0.2972972972972973,0.3,0.03571428571428571,0.0
271,30.0,Male,Sales,Other,3,Manager,7185.29,7,8.0,16.0,3,3.0,3,2,No,No,0,0,0,0,0,1,0,0,1,0,0,0,0,0.2857142857142857,0.5907795933920605,0.1891891891891892,0.2,0.5357142857142857,0.2857142857142857
272,29.0,Male,Sales,Medical,3,Sales Representative,3040.79,3,8.0,1.0,2,2.0,3,5,No,No,0,0,0,0,0,1,0,0,0,0,0,0,1,0.2619047619047619,0.12628493936744895,0.08108108108108109,0.2,0.0,0.7142857142857143
273,39.0,Female,Research & Development,Technical Degree,1,Laboratory Technician,3093.05,1,4.0,15.0,2,4.0,4,3,Yes,Yes,1,1,1,0,1,0,0,1,0,0,0,0,0,0.5,0.13214197655391927,0.02702702702702703,0.1,0.5,0.42857142857142855
274,26.0,Male,Sales,Marketing,2,Sales Executive,3082.24,9,14.0,29.0,3,1.0,3,5,No,No,0,0,0,0,0,1,0,0,0,0,0,1,0,0.19047619047619047,0.1309304462824737,0.24324324324324326,0.35,1.0,0.7142857142857143
275,41.0,Male,Sales,Human Resources,2,Sales Executive,3746.21,3,8.0,1.0,2,4.0,3,1,Yes,Yes,0,1,1,0,0,1,0,0,0,0,0,1,0,0.5476190476190477,0.2053448546387824,0.08108108108108109,0.2,0.0,0.14285714285714285
276,48.0,Male,Research & Development,Technical Degree,2,Manufacturing Director,3992.93,4,4.0,3.0,1,4.0,3,2,No,No,0,0,0,0,1,0,0,0,0,1,0,0,0,0.7142857142857143,0.23299598771658483,0.10810810810810811,0.1,0.07142857142857142,0.2857142857142857
277,48.0,Male,Sales,Life Sciences,2,Sales Executive,3625.47,1,13.0,1.0,1,3.0,3,2,No,Yes,0,0,1,0,0,1,0,0,0,0,0,1,0,0.7142857142857143,0.1918129244838948,0.02702702702702703,0.325,0.0,0.2857142857142857
278,32.0,Male,Human Resources,Human Resources,4,Human Resources,2863.8,0,11.0,1.0,1,1.0,3,4,No,No,0,0,0,1,0,0,1,0,0,0,0,0,0,0.3333333333333333,0.1064487929527268,0.0,0.275,0.0,0.5714285714285714
279,41.0,Male,Sales,Life Sciences,4,Sales Representative,3839.16,1,2.0,1.0,1,4.0,3,4,No,No,0,0,0,0,0,1,0,0,0,0,0,0,1,0.5476190476190477,0.21576222177392237,0.02702702702702703,0.05,0.0,0.5714285714285714
280,44.0,Male,Sales,Marketing,3,Manager,4847.39,2,2.0,2.0,1,4.0,4,1,Yes,No,0,1,0,0,0,1,0,0,1,0,0,0,0,0.6190476190476191,0.32875955438997606,0.05405405405405406,0.05,0.03571428571428571,0.14285714285714285
281,36.0,Male,Sales,Other,2,Sales Executive,5747.45,8,11.0,1.0,4,4.0,4,3,No,No,0,0,0,0,0,1,0,0,0,0,0,1,0,0.42857142857142855,0.42963373904467306,0.21621621621621623,0.275,0.0,0.42857142857142855
282,31.0,Male,Human Resources,Marketing,2,Manager,4576.15,1,9.0,5.0,2,2.0,3,1,No,No,0,0,0,1,0,0,0,0,1,0,0,0,0,0.30952380952380953,0.2983603433976643,0.02702702702702703,0.225,0.14285714285714285,0.14285714285714285
283,38.0,Female,Sales,Life Sciences,3,Sales Executive,5973.19,7,13.0,2.0,4,1.0,3,5,No,No,1,0,0,0,0,1,0,0,0,0,0,1,0,0.47619047619047616,0.4549335395512518,0.1891891891891892,0.325,0.03571428571428571,0.7142857142857143
284,20.0,Male,Research & Development,Life Sciences,2,Manager,5006.72,3,7.0,7.0,4,1.0,3,1,No,No,0,0,0,0,1,0,0,0,1,0,0,0,0,0.047619047619047616,0.34661645708649946,0.08108108108108109,0.175,0.21428571428571427,0.14285714285714285
285,53.0,Male,Sales,Medical,3,Sales Representative,3496.04,4,6.0,8.0,2,1.0,3,0,No,No,0,0,0,0,0,1,0,0,0,0,0,0,1,0.8333333333333334,0.17730706296371013,0.10810810810810811,0.15,0.25,0.0
286,34.0,Female,Research & Development,Technical Degree,3,Laboratory Technician,4221.52,2,13.0,4.0,2,4.0,3,2,No,No,1,0,0,0,1,0,0,1,0,0,0,0,0,0.38095238095238093,0.2586152018469953,0.05405405405405406,0.325,0.10714285714285714,0.2857142857142857
287,44.0,Male,Sales,Marketing,2,Manager,5478.35,1,8.0,9.0,3,1.0,3,2,No,No,0,0,0,0,0,1,0,0,1,0,0,0,0,0.6190476190476191,0.39947436845762446,0.02702702702702703,0.2,0.2857142857142857,0.2857142857142857
288,41.0,Male,Human Resources,Other,3,Human Resources,2862.8,0,3.0,1.0,3,3.0,3,2,Yes,Yes,0,1,1,1,0,0,1,0,0,0,0,0,0,0.5476190476190477,0.10633671799699641,0.0,0.075,0.0,0.2857142857142857
289,40.0,Female,Research & Development,Medical,3,Research Scientist,5169.44,7,7.0,1.0,4,1.0,3,2,Yes,No,1,1,0,0,1,0,0,0,0,0,1,0,0,0.5238095238095238,0.36485329388294885,0.1891891891891892,0.175,0.0,0.2857142857142857
290,31.0,Male,Sales,Human Resources,2,Sales Executive,5283.54,4,5.0,2.0,4,2.0,3,5,No,Yes,0,0,1,0,0,1,0,0,0,0,0,1,0,0.30952380952380953,0.3776410463317867,0.10810810810810811,0.125,0.03571428571428571,0.7142857142857143
291,35.0,Female,Research & Development,Human Resources,2,Laboratory Technician,4116.7,5,6.0,5.0,1,4.0,3,2,Yes,No,1,1,0,0,1,0,0,1,0,0,0,0,0,0.40476190476190477,0.2468675049873355,0.13513513513513514,0.15,0.14285714285714285,0.2857142857142857
292,24.0,Male,Sales,Medical,1,Sales Representative,2721.23,7,10.0,3.0,1,2.0,3,2,No,No,0,0,0,0,0,1,0,0,0,0,0,0,1,0.14285714285714285,0.09047026651424472,0.1891891891891892,0.25,0.07142857142857142,0.2857142857142857
293,30.0,Male,Research & Development,Medical,2,Laboratory Technician,4779.65,30,38.0,4.0,2,3.0,3,3,No,Yes,0,0,1,0,1,0,0,1,0,0,0,0,0,0.2857142857142857,0.3211675968887992,0.8108108108108109,0.95,0.10714285714285714,0.42857142857142855
294,29.0,Male,Sales,Other,3,Sales Representative,4244.21,1,2.0,6.0,3,4.0,4,3,No,No,0,0,0,0,0,1,0,0,0,0,0,0,1,0.2619047619047619,0.2611581825925179,0.02702702702702703,0.05,0.17857142857142858,0.42857142857142855
295,46.0,Male,Sales,Other,2,Sales Executive,4254.12,3,11.0,11.0,2,3.0,3,3,No,No,0,0,0,0,0,1,0,0,0,0,0,1,0,0.6666666666666666,0.262268845403806,0.08108108108108109,0.275,0.35714285714285715,0.42857142857142855
296,47.0,Male,Sales,Technical Degree,3,Sales Executive,2978.11,2,4.0,1.0,3,3.0,3,2,No,No,0,0,0,0,0,1,0,0,0,0,0,1,0,0.6904761904761905,0.11926008114226795,0.05405405405405406,0.1,0.0,0.2857142857142857
297,23.0,Male,Research & Development,Other,2,Research Scientist,5603.16,14,15.0,6.0,2,1.0,3,3,No,No,0,0,0,0,1,0,0,0,0,0,1,0,0,0.11904761904761904,0.4134624436823347,0.3783783783783784,0.375,0.17857142857142858,0.42857142857142855
298,38.0,Female,Research & Development,Other,3,Manager,4513.79,0,1.0,10.0,4,4.0,4,3,No,No,1,0,0,0,1,0,0,0,1,0,0,0,0,0.47619047619047616,0.2913713491583171,0.0,0.025,0.32142857142857145,0.42857142857142855
299,41.0,Male,Sales,Life Sciences,3,Sales Executive,4581.5,8,10.0,3.0,4,4.0,3,3,No,No,0,0,0,0,0,1,0,0,0,0,0,1,0,0.5476190476190477,0.29895994441082197,0.21621621621621623,0.25,0.07142857142857142,0.42857142857142855
300,27.0,Male,Sales,Other,3,Manager,4487.69,3,7.0,8.0,4,4.0,3,2,Yes,No,0,1,0,0,0,1,0,0,1,0,0,0,0,0.21428571428571427,0.2884461928137538,0.08108108108108109,0.175,0.25,0.2857142857142857
301,47.0,Male,Human Resources,Medical,3,Human Resources,4457.34,9,16.0,6.0,2,1.0,3,3,No,No,0,0,0,1,0,0,1,0,0,0,0,0,0,0.6904761904761905,0.28504471790733643,0.24324324324324326,0.4,0.17857142857142858,0.42857142857142855
302,36.0,Female,Sales,Medical,3,Manager,10836.6,21,23.0,1.0,2,2.0,3,3,No,No,1,0,0,0,0,1,0,0,1,0,0,0,0,0.42857142857142855,1.0,0.5675675675675675,0.575,0.0,0.42857142857142855
303,47.0,Male,Research & Development,Medical,2,Manufacturing Director,5781.72,0,2.0,3.0,1,4.0,3,2,No,Yes,0,0,1,0,1,0,0,0,0,1,0,0,0,0.6904761904761905,0.4334745477775536,0.0,0.05,0.07142857142857142,0.2857142857142857
304,42.0,Male,Sales,Technical Degree,1,Sales Representative,6026.41,9,9.0,1.0,2,3.0,4,4,No,No,0,0,0,0,0,1,0,0,0,0,0,0,1,0.5714285714285714,0.4608981686952233,0.24324324324324326,0.225,0.0,0.5714285714285714
305,37.0,Female,Research & Development,Human Resources,2,Manufacturing Director,6098.02,5,6.0,1.0,1,3.0,3,3,Yes,Yes,1,1,1,0,1,0,0,0,0,1,0,0,0,0.4523809523809524,0.4689238562750768,0.13513513513513514,0.15,0.0,0.42857142857142855
306,18.0,Female,Sales,Other,3,Sales Executive,2361.88,0,6.0,19.0,2,3.0,3,2,Yes,Yes,1,1,1,0,0,1,0,0,0,0,0,1,0,0.0,0.0501961311725282,0.0,0.15,0.6428571428571429,0.2857142857142857
307,39.0,Male,Sales,Technical Degree,1,Manager,4106.98,0,0.0,1.0,4,4.0,3,0,Yes,Yes,0,1,1,0,0,1,0,0,1,0,0,0,0,0.5,0.24577813641763605,0.0,0.0,0.0,0.0
308,31.0,Male,Research & Development,Marketing,2,Laboratory Technician,4779.65,3,9.0,3.0,4,4.0,3,3,Yes,No,0,1,0,0,1,0,0,1,0,0,0,0,0,0.30952380952380953,0.3211675968887992,0.08108108108108109,0.225,0.07142857142857142,0.42857142857142855
309,32.0,Male,Sales,Other,2,Manager,7718.1,7,11.0,1.0,4,2.0,3,4,Yes,Yes,0,1,1,0,0,1,0,0,1,0,0,0,0,0.3333333333333333,0.6504942505547711,0.1891891891891892,0.275,0.0,0.5714285714285714
310,42.0,Male,Research & Development,Technical Degree,3,Laboratory Technician,6415.95,13,13.0,3.0,4,4.0,3,1,Yes,No,0,1,0,0,1,0,0,1,0,0,0,0,0,0.5714285714285714,0.5045558469504404,0.35135135135135137,0.325,0.07142857142857142,0.14285714285714285
311,36.0,Male,Sales,Medical,1,Manager,5785.83,8,10.0,1.0,3,4.0,3,5,No,No,0,0,0,0,0,1,0,0,1,0,0,0,0,0.42857142857142855,0.43393517584560554,0.21621621621621623,0.25,0.0,0.7142857142857143
312,34.0,Female,Sales,Other,2,Sales Representative,7467.3,16,20.0,2.0,1,4.0,3,1,Yes,No,1,1,0,0,0,1,0,0,0,0,0,0,1,0.38095238095238093,0.6223858516575886,0.43243243243243246,0.5,0.03571428571428571,0.14285714285714285
313,45.0,Female,Sales,Life Sciences,2,Sales Executive,3877.01,2,3.0,1.0,2,3.0,3,4,No,No,1,0,0,0,0,1,0,0,0,0,0,1,0,0.6428571428571429,0.22000425884831776,0.05405405405405406,0.075,0.0,0.5714285714285714
314,40.0,Male,Sales,Life Sciences,3,Sales Executive,3842.23,3,4.0,1.0,2,4.0,3,4,No,No,0,0,0,0,0,1,0,0,0,0,0,1,0,0.5238095238095238,0.2161062918880147,0.08108108108108109,0.1,0.0,0.5714285714285714
315,47.0,Male,Sales,Life Sciences,5,Sales Executive,3327.58,5,6.0,11.0,4,2.0,3,3,No,No,0,0,0,0,0,1,0,0,0,0,0,1,0,0.6904761904761905,0.1584269159213682,0.13513513513513514,0.15,0.35714285714285715,0.42857142857142855
316,36.0,Male,Research & Development,Other,1,Research Scientist,3292.86,1,2.0,4.0,1,1.0,3,4,No,Yes,0,0,1,0,1,0,0,0,0,0,1,0,0,0.42857142857142855,0.154535673458409,0.02702702702702703,0.05,0.10714285714285714,0.5714285714285714
317,37.0,Male,Research & Development,Other,2,Research Scientist,2782.76,2,3.0,5.0,2,3.0,3,3,No,No,0,0,0,0,1,0,0,0,0,0,1,0,0,0.4523809523809524,0.0973662385403358,0.05405405405405406,0.075,0.14285714285714285,0.42857142857142855
318,44.0,Female,Sales,Human Resources,2,Manager,6898.41,17,20.0,3.0,1,4.0,3,2,No,No,1,0,0,0,0,1,0,0,1,0,0,0,0,0.6190476190476191,0.5586275300921256,0.4594594594594595,0.5,0.07142857142857142,0.2857142857142857
319,41.0,Female,Human Resources,Other,4,Human Resources,5487.21,7,14.0,9.0,3,3.0,3,2,No,No,1,0,0,1,0,0,1,0,0,0,0,0,0,0.5476190476190477,0.40046735256539573,0.1891891891891892,0.35,0.2857142857142857,0.2857142857142857
320,29.0,Male,Human Resources,Marketing,4,Manager,6306.99,3,9.0,15.0,4,1.0,4,4,No,No,0,0,0,1,0,0,0,0,1,0,0,0,0,0.2619047619047619,0.4923441597740568,0.08108108108108109,0.225,0.5,0.5714285714285714
321,28.0,Male,Research & Development,Other,3,Laboratory Technician,2862.41,0,0.0,8.0,2,2.0,3,4,No,No,0,0,0,0,1,0,0,1,0,0,0,0,0,0.23809523809523808,0.10629300876426152,0.0,0.0,0.25,0.5714285714285714
322,38.0,Male,Sales,Other,3,Sales Executive,6207.1,11,13.0,1.0,2,2.0,3,2,Yes,Yes,0,1,1,0,0,1,0,0,0,0,0,1,0,0.47619047619047616,0.481148992446148,0.2972972972972973,0.325,0.0,0.2857142857142857
323,35.0,Male,Sales,Other,3,Sales Representative,5402.07,5,11.0,1.0,4,1.0,3,2,No,No,0,0,0,0,0,1,0,0,0,0,0,0,1,0.40476190476190477,0.39092529083451005,0.13513513513513514,0.275,0.0,0.2857142857142857
324,53.0,Female,Research & Development,Life Sciences,3,Manufacturing Director,6397.34,5,5.0,26.0,2,1.0,3,2,No,No,1,0,0,0,1,0,0,0,0,1,0,0,0,0.8333333333333334,0.5024701320242978,0.13513513513513514,0.125,0.8928571428571429,0.2857142857142857
325,42.0,Male,Sales,Life Sciences,2,Sales Executive,7121.31,19,19.0,4.0,3,4.0,3,2,No,No,0,0,0,0,0,1,0,0,0,0,0,1,0,0.5714285714285714,0.5836090377244301,0.5135135135135135,0.475,0.10714285714285714,0.2857142857142857
326,31.0,Female,Human Resources,Marketing,2,Manager,5137.69,5,10.0,9.0,2,3.0,3,2,No,No,1,0,0,1,0,0,0,0,1,0,0,0,0,0.30952380952380953,0.3612949140385089,0.13513513513513514,0.25,0.2857142857142857,0.2857142857142857
327,22.0,Female,Research & Development,Other,2,Manufacturing Director,5167.09,6,15.0,1.0,4,4.0,3,2,No,Yes,1,0,1,0,1,0,0,0,0,1,0,0,0,0.09523809523809523,0.3645899177369825,0.16216216216216217,0.375,0.0,0.2857142857142857
328,28.0,Male,Sales,Marketing,2,Sales Executive,4545.06,6,6.0,1.0,4,4.0,3,1,No,No,0,0,0,0,0,1,0,0,0,0,0,1,0,0.23809523809523808,0.2948759330240065,0.16216216216216217,0.15,0.0,0.14285714285714285
329,34.0,Male,Research & Development,Marketing,1,Research Scientist,7579.17,28,28.0,14.0,4,3.0,3,5,No,No,0,0,0,0,1,0,0,0,0,0,1,0,0,0.38095238095238093,0.6349236769551476,0.7567567567567568,0.7,0.4642857142857143,0.7142857142857143
330,43.0,Male,Sales,Human Resources,3,Manager,5581.14,0,1.0,2.0,1,3.0,3,4,No,Yes,0,0,1,0,0,1,0,0,1,0,0,0,0,0.5952380952380952,0.4109945531571515,0.0,0.025,0.03571428571428571,0.5714285714285714
331,36.0,Male,Research & Development,Medical,3,Manager,6597.02,1,7.0,19.0,2,1.0,4,2,No,Yes,0,0,1,0,1,0,0,0,1,0,0,0,0,0.42857142857142855,0.5248492591845426,0.02702702702702703,0.175,0.6428571428571429,0.2857142857142857
332,37.0,Male,Human Resources,Life Sciences,2,Human Resources,4730.74,10,11.0,2.0,2,3.0,3,1,No,Yes,0,0,1,1,0,0,1,0,0,0,0,0,0,0.4523809523809524,0.3156860108040257,0.2702702702702703,0.275,0.03571428571428571,0.14285714285714285
333,40.0,Female,Human Resources,Medical,2,Human Resources,3560.14,2,4.0,2.0,2,4.0,4,0,No,Yes,1,0,1,1,0,0,1,0,0,0,0,0,0,0.5238095238095238,0.18449106762602827,0.05405405405405406,0.1,0.03571428571428571,0.0
334,51.0,Female,Research & Development,Medical,3,Manufacturing Director,5763.04,2,10.0,3.0,4,4.0,3,4,No,No,1,0,0,0,1,0,0,0,0,1,0,0,0,0.7857142857142857,0.4313809876045099,0.05405405405405406,0.25,0.07142857142857142,0.5714285714285714
335,29.0,Male,Sales,Other,4,Manager,6602.69,1,6.0,25.0,3,3.0,4,2,No,No,0,0,0,0,0,1,0,0,1,0,0,0,0,0.2619047619047619,0.5254847241835339,0.02702702702702703,0.15,0.8571428571428571,0.2857142857142857
336,18.0,Female,Research & Development,Marketing,2,Manager,5601.49,2,2.0,29.0,1,2.0,3,2,No,Yes,1,0,1,0,1,0,0,0,1,0,0,0,0,0.0,0.41327527850626494,0.05405405405405406,0.05,1.0,0.2857142857142857
337,23.0,Female,Research & Development,Human Resources,2,Research Scientist,3929.79,3,5.0,29.0,4,4.0,3,5,No,No,1,0,0,0,1,0,0,0,0,0,1,0,0,0.11904761904761904,0.22591957501176785,0.08108108108108109,0.125,1.0,0.7142857142857143
338,35.0,Female,Human Resources,Other,1,Human Resources,2913.89,0,3.0,3.0,3,4.0,3,2,No,No,1,0,0,1,0,0,1,0,0,0,0,0,0,0.40476190476190477,0.11206262748526212,0.0,0.075,0.07142857142857142,0.2857142857142857
339,34.0,Female,Sales,Life Sciences,2,Sales Representative,3693.87,3,4.0,10.0,1,2.0,3,5,No,No,1,0,0,0,0,1,0,0,0,0,0,0,1,0.38095238095238093,0.19947885145585365,0.08108108108108109,0.1,0.32142857142857145,0.7142857142857143
340,33.0,Female,Research & Development,Other,3,Manufacturing Director,6187.06,1,11.0,1.0,4,4.0,3,1,Yes,No,1,1,0,0,1,0,0,0,0,1,0,0,0,0.35714285714285715,0.47890301033331095,0.02702702702702703,0.275,0.0,0.14285714285714285
341,35.0,Female,Research & Development,Life Sciences,2,Manager,4233.47,0,4.0,1.0,1,1.0,3,2,Yes,Yes,1,1,1,0,1,0,0,0,1,0,0,0,0,0.40476190476190477,0.25995449756797345,0.0,0.1,0.0,0.2857142857142857
342,37.0,Male,Research & Development,Technical Degree,3,Manufacturing Director,5201.2,4,17.0,1.0,3,1.0,3,2,No,No,0,0,0,0,1,0,0,0,0,1,0,0,0,0.4523809523809524,0.36841279447694614,0.10810810810810811,0.425,0.0,0.2857142857142857
343,43.0,Female,Sales,Human Resources,3,Manager,8515.59,18,27.0,3.0,1,4.0,3,3,No,No,1,0,0,0,0,1,0,0,1,0,0,0,0,0.5952380952380952,0.7398729070002017,0.4864864864864865,0.675,0.07142857142857142,0.42857142857142855
344,48.0,Male,Sales,Marketing,2,Sales Executive,3400.69,1,7.0,7.0,2,4.0,3,5,Yes,Yes,0,1,1,0,0,1,0,0,0,0,0,1,0,0.7142857142857143,0.1666207159348172,0.02702702702702703,0.175,0.21428571428571427,0.7142857142857143
345,35.0,Male,Research & Development,Medical,3,Manufacturing Director,5447.51,5,17.0,1.0,1,2.0,3,2,No,No,0,0,0,0,1,0,0,0,0,1,0,0,0,0.40476190476190477,0.3960179768228992,0.13513513513513514,0.425,0.0,0.2857142857142857
346,48.0,Male,Sales,Medical,4,Manager,6997.65,4,10.0,1.0,3,4.0,3,5,No,No,0,0,0,0,0,1,0,0,1,0,0,0,0,0.7142857142857143,0.5697498486988097,0.10810810810810811,0.25,0.0,0.7142857142857143
347,43.0,Female,Research & Development,Marketing,3,Laboratory Technician,5030.3,9,11.0,2.0,2,4.0,4,1,No,No,1,0,0,0,1,0,0,1,0,0,0,0,0,0.5952380952380952,0.3492591845426221,0.24324324324324326,0.275,0.03571428571428571,0.14285714285714285
348,25.0,Male,Sales,Other,2,Manager,3198.38,2,3.0,26.0,4,1.0,3,3,No,No,0,0,0,0,0,1,0,0,1,0,0,0,0,0.16666666666666666,0.1439468316410015,0.05405405405405406,0.075,0.8928571428571429,0.42857142857142855
349,27.0,Female,Sales,Medical,5,Sales Executive,4558.01,2,7.0,16.0,1,2.0,3,2,Yes,No,1,1,0,0,0,1,0,0,0,0,0,1,0,0.21428571428571427,0.29632730370071503,0.05405405405405406,0.175,0.5357142857142857,0.2857142857142857
350,39.0,Female,Research & Development,Life Sciences,3,Laboratory Technician,2791.93,0,0.0,1.0,3,3.0,3,5,No,No,1,0,0,0,1,0,0,1,0,0,0,0,0,0.5,0.09839396588438346,0.0,0.0,0.0,0.7142857142857143
351,50.0,Female,Sales,Other,4,Sales Representative,2911.98,9,11.0,8.0,1,3.0,3,1,Yes,No,1,1,0,0,0,1,0,0,0,0,0,0,1,0.7619047619047619,0.11184856431981709,0.24324324324324326,0.275,0.25,0.14285714285714285
352,59.0,Female,Human Resources,Marketing,3,Human Resources,6263.71,10,10.0,1.0,1,1.0,3,1,No,No,1,0,0,1,0,0,1,0,0,0,0,0,0,0.9761904761904762,0.4874935556900455,0.2702702702702703,0.25,0.0,0.14285714285714285
353,24.0,Male,Human Resources,Life Sciences,4,Human Resources,5376.6,10,12.0,1.0,1,2.0,3,2,No,No,0,0,0,1,0,0,1,0,0,0,0,0,0,0.14285714285714285,0.388070741712057,0.2702702702702703,0.3,0.0,0.2857142857142857
354,34.0,Male,Sales,Other,2,Sales Executive,4127.34,7,7.0,1.0,1,2.0,3,3,Yes,Yes,0,1,1,0,0,1,0,0,0,0,0,1,0,0.38095238095238093,0.24805998251630693,0.1891891891891892,0.175,0.0,0.42857142857142855
355,37.0,Male,Research & Development,Technical Degree,3,Manufacturing Director,6368.09,1,2.0,23.0,2,2.0,3,1,No,No,0,0,0,0,1,0,0,0,0,1,0,0,0,0.4523809523809524,0.49919193956918384,0.02702702702702703,0.05,0.7857142857142857,0.14285714285714285
356,31.0,Male,Sales,Medical,3,Manager,4811.13,1,2.0,9.0,2,2.0,4,1,No,No,0,0,0,0,0,1,0,0,1,0,0,0,0,0.30952380952380953,0.32469571649519197,0.02702702702702703,0.05,0.2857142857142857,0.14285714285714285
357,37.0,Male,Research & Development,Medical,2,Manager,4595.96,6,10.0,14.0,2,3.0,3,3,No,No,0,0,0,0,1,0,0,0,1,0,0,0,0,0.4523809523809524,0.3005805482706834,0.16216216216216217,0.25,0.4642857142857143,0.42857142857142855
358,40.0,Male,Research & Development,Marketing,2,Manager,5351.14,5,9.0,6.0,2,2.0,3,2,No,No,0,0,0,0,1,0,0,0,1,0,0,0,0,0.5238095238095238,0.38521731333916126,0.13513513513513514,0.225,0.17857142857142858,0.2857142857142857
359,33.0,Female,Research & Development,Marketing,3,Laboratory Technician,6520.23,15,15.0,3.0,4,1.0,3,3,Yes,No,1,1,0,0,1,0,0,1,0,0,0,0,0,0.35714285714285715,0.5162430233340057,0.40540540540540543,0.375,0.07142857142857142,0.42857142857142855
360,48.0,Male,Research & Development,Human Resources,3,Research Scientist,3244.31,2,7.0,1.0,2,2.0,3,6,No,Yes,0,0,1,0,1,0,0,0,0,0,1,0,0,0.7142857142857143,0.14909443435769842,0.05405405405405406,0.175,0.0,0.8571428571428571
361,27.0,Male,Research & Development,Medical,1,Laboratory Technician,4292.15,9,10.0,4.0,4,1.0,3,3,No,No,0,0,0,0,1,0,0,1,0,0,0,0,0,0.21428571428571427,0.26653105597023286,0.24324324324324326,0.25,0.10714285714285714,0.42857142857142855
362,37.0,Male,Research & Development,Other,4,Research Scientist,4391.01,6,14.0,3.0,1,2.0,3,3,Yes,No,0,1,0,0,1,0,0,0,0,0,1,0,0,0.4523809523809524,0.2776107860937395,0.16216216216216217,0.35,0.07142857142857142,0.42857142857142855
363,28.0,Female,Research & Development,Other,2,Research Scientist,2323.08,3,3.0,13.0,4,3.0,3,4,No,No,1,0,0,0,1,0,0,0,0,0,1,0,0,0.23809523809523808,0.04584762289018895,0.08108108108108109,0.075,0.42857142857142855,0.5714285714285714
364,55.0,Female,Research & Development,Technical Degree,2,Manager,3987.81,5,6.0,4.0,4,1.0,3,2,No,No,1,0,0,0,1,0,0,0,1,0,0,0,0,0.8809523809523809,0.23242216394324522,0.13513513513513514,0.15,0.10714285714285714,0.2857142857142857
365,42.0,Female,Sales,Medical,4,Sales Executive,6203.04,5,8.0,17.0,3,3.0,3,0,No,No,1,0,0,0,0,1,0,0,0,0,0,1,0,0.5714285714285714,0.48069396812588255,0.13513513513513514,0.2,0.5714285714285714,0.0
366,40.0,Female,Research & Development,Technical Degree,3,Laboratory Technician,4449.12,1,3.0,29.0,1,2.0,4,4,Yes,No,1,1,0,0,1,0,0,1,0,0,0,0,0,0.5238095238095238,0.2841234617712326,0.02702702702702703,0.075,1.0,0.5714285714285714
367,21.0,Female,Sales,Technical Degree,2,Sales Representative,2838.98,1,1.0,1.0,4,3.0,3,5,No,No,1,0,0,0,0,1,0,0,0,0,0,0,1,0.07142857142857142,0.10366709255149845,0.02702702702702703,0.025,0.0,0.7142857142857143
368,38.0,Male,Sales,Medical,3,Sales Executive,3672.62,4,4.0,2.0,4,3.0,3,6,Yes,Yes,0,1,1,0,0,1,0,0,0,0,0,1,0,0.47619047619047616,0.1970972586465828,0.10810810810810811,0.1,0.03571428571428571,0.8571428571428571
369,30.0,Male,Human Resources,Medical,2,Manager,6304.05,0,0.0,1.0,1,3.0,3,2,No,No,0,0,0,1,0,0,0,0,1,0,0,0,0,0.2857142857142857,0.4920146594042095,0.0,0.0,0.0,0.2857142857142857
370,35.0,Female,Sales,Technical Degree,2,Sales Representative,5444.02,9,12.0,4.0,1,3.0,3,6,No,Yes,1,0,1,0,0,1,0,0,0,0,0,0,1,0.40476190476190477,0.3956268352274001,0.24324324324324326,0.3,0.10714285714285714,0.8571428571428571
371,52.0,Female,Sales,Medical,2,Manager,4959.33,1,2.0,9.0,2,1.0,4,3,No,No,1,0,0,0,0,1,0,0,1,0,0,0,0,0.8095238095238095,0.3413052249344361,0.02702702702702703,0.05,0.2857142857142857,0.42857142857142855
372,34.0,Female,Research & Development,Medical,4,Research Scientist,5212.13,4,9.0,1.0,4,1.0,4,7,Yes,Yes,1,1,1,0,1,0,0,0,0,0,1,0,0,0.38095238095238093,0.3696377737430794,0.10810810810810811,0.225,0.0,1.0
373,35.0,Female,Sales,Human Resources,2,Sales Representative,3805.15,7,10.0,1.0,1,3.0,3,5,No,No,1,0,0,0,0,1,0,0,0,0,0,0,1,0.40476190476190477,0.21195055252953177,0.1891891891891892,0.25,0.0,0.7142857142857143
374,47.0,Female,Sales,Other,3,Manager,3582.17,1,9.0,1.0,2,4.0,3,4,No,No,1,0,0,0,0,1,0,0,1,0,0,0,0,0.6904761904761905,0.18696007890076882,0.02702702702702703,0.225,0.0,0.5714285714285714
375,41.0,Male,Research & Development,Technical Degree,3,Manufacturing Director,4651.97,4,8.0,20.0,1,1.0,3,4,Yes,No,0,1,0,0,1,0,0,0,0,1,0,0,0,0.5476190476190477,0.3068578665411427,0.10810810810810811,0.2,0.6785714285714286,0.5714285714285714
376,32.0,Female,Research & Development,Other,2,Research Scientist,7282.56,17,17.0,6.0,4,2.0,4,2,No,No,1,0,0,0,1,0,0,0,0,0,1,0,0,0.3333333333333333,0.6016811243359559,0.4594594594594595,0.425,0.17857142857142858,0.2857142857142857
377,36.0,Male,Sales,Human Resources,2,Sales Executive,4167.38,1,2.0,4.0,2,3.0,3,5,No,No,0,0,0,0,0,1,0,0,0,0,0,1,0,0.42857142857142855,0.2525474637437518,0.02702702702702703,0.05,0.10714285714285714,0.7142857142857143
378,34.0,Female,Human Resources,Life Sciences,3,Human Resources,4706.81,3,8.0,1.0,4,4.0,4,4,No,No,1,0,0,1,0,0,1,0,0,0,0,0,0,0.38095238095238093,0.31300405711339746,0.08108108108108109,0.2,0.0,0.5714285714285714
379,18.0,Male,Sales,Technical Degree,1,Sales Representative,3281.56,1,2.0,4.0,2,4.0,3,1,No,No,0,0,0,0,0,1,0,0,0,0,0,0,1,0.0,0.15326922645865554,0.02702702702702703,0.05,0.10714285714285714,0.14285714285714285
380,39.0,Male,Sales,Life Sciences,2,Sales Representative,2851.44,1,1.0,13.0,4,2.0,3,2,No,No,0,0,0,0,0,1,0,0,0,0,0,0,1,0.5,0.10506354649989913,0.02702702702702703,0.025,0.42857142857142855,0.2857142857142857
381,37.0,Male,Sales,Other,2,Manager,5312.29,2,5.0,3.0,3,2.0,3,0,No,No,0,0,0,0,0,1,0,0,1,0,0,0,0,0.4523809523809524,0.38086320130903545,0.05405405405405406,0.125,0.07142857142857142,0.0
382,49.0,Female,Research & Development,Medical,3,Manager,3730.28,2,3.0,10.0,1,4.0,3,6,No,No,1,0,0,0,1,0,0,0,1,0,0,0,0,0.7380952380952381,0.20355950059399727,0.05405405405405406,0.075,0.32142857142857145,0.8571428571428571
383,27.0,Male,Sales,Life Sciences,3,Manager,8892.67,13,18.0,17.0,4,2.0,3,0,Yes,No,0,1,0,0,0,1,0,0,1,0,0,0,0,0.21428571428571427,0.7821341313070181,0.35135135135135137,0.45,0.5714285714285714,0.0
384,38.0,Female,Sales,Technical Degree,4,Manager,9110.51,13,15.0,1.0,3,1.0,3,3,No,No,1,0,0,0,0,1,0,0,1,0,0,0,0,0.47619047619047616,0.8065485396633268,0.35135135135135137,0.375,0.0,0.42857142857142855
385,22.0,Male,Research & Development,Life Sciences,2,Manufacturing Director,6301.03,1,14.0,7.0,2,3.0,3,1,Yes,Yes,0,1,1,0,1,0,0,0,0,1,0,0,0,0.09523809523809523,0.4916761930379037,0.02702702702702703,0.35,0.21428571428571427,0.14285714285714285
386,51.0,Female,Human Resources,Other,5,Manager,6590.1,2,4.0,2.0,4,4.0,3,1,Yes,Yes,1,1,1,1,0,0,0,0,1,0,0,0,0,0.7857142857142857,0.5240737004908883,0.05405405405405406,0.1,0.03571428571428571,0.14285714285714285
387,35.0,Male,Sales,Life Sciences,2,Sales Representative,2846.96,1,3.0,7.0,4,1.0,3,5,No,No,0,0,0,0,0,1,0,0,0,0,0,0,1,0.40476190476190477,0.10456145069822698,0.02702702702702703,0.075,0.21428571428571427,0.7142857142857143
388,29.0,Male,Sales,Human Resources,4,Sales Executive,5584.33,4,10.0,3.0,2,2.0,3,4,No,No,0,0,0,0,0,1,0,0,0,0,0,1,0,0.2619047619047619,0.41135207226593146,0.10810810810810811,0.25,0.07142857142857142,0.5714285714285714
389,40.0,Male,Research & Development,Medical,3,Research Scientist,5674.56,8,13.0,21.0,4,2.0,3,1,No,No,0,0,0,0,1,0,0,0,0,0,1,0,0,0.5238095238095238,0.4214645955214848,0.21621621621621623,0.325,0.7142857142857143,0.14285714285714285
390,32.0,Female,Sales,Medical,2,Sales Representative,3405.78,2,5.0,8.0,3,2.0,3,4,No,No,1,0,0,0,0,1,0,0,0,0,0,0,1,0.3333333333333333,0.16719117745948492,0.05405405405405406,0.125,0.25,0.5714285714285714
391,46.0,Male,Research & Development,Marketing,1,Manufacturing Director,4589.26,0,9.0,8.0,1,4.0,3,1,No,No,0,0,0,0,1,0,0,0,0,1,0,0,0,0.6666666666666666,0.2998296460672898,0.0,0.225,0.25,0.14285714285714285
392,25.0,Female,Research & Development,Other,1,Research Scientist,2504.43,1,3.0,4.0,1,1.0,3,1,No,No,1,0,0,0,1,0,0,0,0,0,1,0,0,0.16666666666666666,0.06617241611189562,0.02702702702702703,0.075,0.10714285714285714,0.14285714285714285
393,31.0,Male,Sales,Medical,1,Sales Representative,4779.65,4,6.0,8.0,4,2.0,3,3,No,No,0,0,0,0,0,1,0,0,0,0,0,0,1,0.30952380952380953,0.3211675968887992,0.10810810810810811,0.15,0.25,0.42857142857142855
394,35.0,Male,Research & Development,Other,3,Manufacturing Director,4973.22,3,5.0,15.0,3,2.0,3,2,No,No,0,0,0,0,1,0,0,0,0,1,0,0,0,0.40476190476190477,0.3428619460695313,0.08108108108108109,0.125,0.5,0.2857142857142857
395,39.0,Male,Research & Development,Technical Degree,3,Manufacturing Director,5910.81,5,5.0,6.0,1,3.0,3,4,Yes,Yes,0,1,1,0,1,0,0,0,0,1,0,0,0,0.5,0.44794230381279004,0.13513513513513514,0.125,0.17857142857142858,0.5714285714285714
396,42.0,Female,Research & Development,Human Resources,3,Laboratory Technician,3709.38,0,3.0,8.0,3,3.0,3,2,No,No,1,0,0,0,1,0,0,1,0,0,0,0,0,0.5714285714285714,0.20121713401923208,0.0,0.075,0.25,0.2857142857142857
397,36.0,Female,Sales,Marketing,2,Manager,5553.67,7,19.0,9.0,2,3.0,3,4,No,Yes,1,0,1,0,0,1,0,0,1,0,0,0,0,0.42857142857142855,0.4079158541232376,0.1891891891891892,0.475,0.2857142857142857,0.5714285714285714
398,55.0,Female,Research & Development,Life Sciences,1,Laboratory Technician,5988.76,10,15.0,11.0,2,2.0,3,0,No,No,1,0,0,0,1,0,0,1,0,0,0,0,0,0.8809523809523809,0.4566785466119741,0.2702702702702703,0.375,0.35714285714285715,0.0
399,32.0,Female,Research & Development,Human Resources,4,Manufacturing Director,4891.73,1,1.0,2.0,3,1.0,3,5,No,No,1,0,0,0,1,0,0,0,0,1,0,0,0,0.3333333333333333,0.33372895792706153,0.02702702702702703,0.025,0.03571428571428571,0.7142857142857143
400,48.0,Male,Research & Development,Other,2,Research Scientist,2904.67,1,1.0,13.0,3,3.0,3,3,No,No,0,0,0,0,1,0,0,0,0,0,1,0,0,0.7142857142857143,0.11102929639342793,0.02702702702702703,0.025,0.42857142857142855,0.42857142857142855
401,29.0,Male,Human Resources,Technical Degree,4,Human Resources,4779.65,2,2.0,29.0,4,3.0,3,3,Yes,No,0,1,0,1,0,0,1,0,0,0,0,0,0,0.2619047619047619,0.3211675968887992,0.05405405405405406,0.05,1.0,0.42857142857142855
402,18.0,Male,Research & Development,Life Sciences,4,Research Scientist,4779.65,1,3.0,1.0,1,2.0,3,5,No,No,0,0,0,0,1,0,0,0,0,0,1,0,0,0.0,0.3211675968887992,0.02702702702702703,0.075,0.0,0.7142857142857143
403,32.0,Female,Human Resources,Marketing,1,Manager,4387.57,1,11.0,3.0,3,4.0,4,1,Yes,Yes,1,1,1,1,0,0,0,0,1,0,0,0,0,0.3333333333333333,0.2772252482460269,0.02702702702702703,0.275,0.07142857142857142,0.14285714285714285
404,37.0,Male,Sales,Technical Degree,3,Sales Executive,3435.51,1,1.0,5.0,2,3.0,3,4,No,No,0,0,0,0,0,1,0,0,0,0,0,1,0,0.4523809523809524,0.17052316589334948,0.02702702702702703,0.025,0.14285714285714285,0.5714285714285714
405,38.0,Male,Sales,Medical,3,Sales Representative,3421.08,4,17.0,8.0,3,3.0,3,2,No,Yes,0,0,1,0,0,1,0,0,0,0,0,0,1,0.47619047619047616,0.1689059242821599,0.10810810810810811,0.425,0.25,0.2857142857142857
406,36.0,Female,Research & Development,Human Resources,4,Manufacturing Director,5358.24,0,5.0,7.0,1,2.0,3,0,No,No,1,0,0,0,1,0,0,0,0,1,0,0,0,0.42857142857142855,0.386013045524847,0.0,0.125,0.21428571428571427,0.0
407,36.0,Female,Research & Development,Life Sciences,1,Laboratory Technician,6113.73,24,29.0,1.0,1,3.0,3,4,No,No,1,0,0,0,1,0,0,1,0,0,0,0,0,0.42857142857142855,0.47068455382960117,0.6486486486486487,0.725,0.0,0.5714285714285714
408,36.0,Female,Research & Development,Other,3,Manager,6618.01,2,7.0,5.0,2,4.0,3,2,No,No,1,0,0,0,1,0,0,0,1,0,0,0,0,0.42857142857142855,0.5272017125053235,0.05405405405405406,0.175,0.14285714285714285,0.2857142857142857
409,21.0,Male,Research & Development,Human Resources,2,Manufacturing Director,4779.65,2,8.0,13.0,1,4.0,3,1,No,No,0,0,0,0,1,0,0,0,0,1,0,0,0,0.07142857142857142,0.3211675968887992,0.05405405405405406,0.2,0.42857142857142855,0.14285714285714285
410,28.0,Female,Sales,Medical,1,Manager,2803.26,0,1.0,1.0,1,1.0,3,2,No,Yes,1,0,1,0,0,1,0,0,1,0,0,0,0,0.23809523809523808,0.09966377513280884,0.0,0.025,0.0,0.2857142857142857
411,28.0,Male,Sales,Other,2,Manager,5084.2,2,4.0,19.0,2,2.0,3,6,Yes,No,0,1,0,0,0,1,0,0,1,0,0,0,0,0.23809523809523808,0.35530002465649024,0.05405405405405406,0.1,0.6428571428571429,0.8571428571428571
412,34.0,Female,Sales,Technical Degree,2,Sales Executive,3185.4,0,3.0,4.0,3,2.0,3,4,No,Yes,1,0,1,0,0,1,0,0,0,0,0,1,0,0.38095238095238093,0.14249209871562102,0.0,0.075,0.10714285714285714,0.5714285714285714
413,60.0,Male,Research & Development,Technical Degree,1,Manufacturing Director,5921.44,14,15.0,15.0,3,2.0,3,3,No,No,0,0,0,0,1,0,0,0,0,1,0,0,0,1.0,0.449133660592204,0.3783783783783784,0.375,0.5,0.42857142857142855
414,31.0,Male,Sales,Marketing,2,Manager,2869.46,2,15.0,3.0,4,2.0,4,1,No,Yes,0,0,1,0,0,1,0,0,1,0,0,0,0,0.30952380952380953,0.10708313720216081,0.05405405405405406,0.375,0.07142857142857142,0.14285714285714285
415,33.0,Male,Research & Development,Technical Degree,3,Manufacturing Director,3093.49,1,3.0,7.0,1,1.0,3,5,Yes,No,0,1,0,0,1,0,0,0,0,1,0,0,0,0.35714285714285715,0.1321912895344406,0.02702702702702703,0.075,0.21428571428571427,0.7142857142857143
416,35.0,Male,Sales,Life Sciences,2,Sales Representative,4629.92,7,9.0,2.0,2,3.0,3,1,Yes,Yes,0,1,1,0,0,1,0,0,0,0,0,0,1,0.40476190476190477,0.30438661376728754,0.1891891891891892,0.225,0.03571428571428571,0.14285714285714285
417,37.0,Male,Research & Development,Life Sciences,2,Manager,5720.49,4,6.0,2.0,3,2.0,3,1,No,No,0,0,0,0,1,0,0,0,1,0,0,0,0,0.4523809523809524,0.42661219823818164,0.10810810810810811,0.15,0.03571428571428571,0.14285714285714285
418,25.0,Male,Research & Development,Human Resources,1,Research Scientist,2656.68,1,5.0,1.0,1,3.0,3,4,No,No,0,0,0,0,1,0,0,0,0,0,1,0,0,0.16666666666666666,0.08323582812184788,0.02702702702702703,0.125,0.0,0.5714285714285714
419,55.0,Male,Research & Development,Human Resources,3,Manufacturing Director,6344.53,8,24.0,1.0,4,3.0,3,4,No,No,0,0,0,0,1,0,0,0,0,1,0,0,0,0.8809523809523809,0.4965514536121758,0.21621621621621623,0.6,0.0,0.5714285714285714
420,18.0,Female,Sales,Technical Degree,2,Manager,3378.46,1,1.0,2.0,3,1.0,3,2,No,No,1,0,0,0,0,1,0,0,1,0,0,0,0,0.0,0.1641292896689306,0.02702702702702703,0.025,0.03571428571428571,0.2857142857142857
421,31.0,Female,Research & Development,Life Sciences,2,Laboratory Technician,5206.9,7,7.0,3.0,1,3.0,3,2,Yes,Yes,1,1,1,0,1,0,0,1,0,0,0,0,0,0.30952380952380953,0.36905162172460937,0.1891891891891892,0.175,0.07142857142857142,0.2857142857142857
422,23.0,Male,Research & Development,Technical Degree,1,Laboratory Technician,4696.53,0,0.0,3.0,3,3.0,3,2,No,No,0,0,0,0,1,0,0,1,0,0,0,0,0,0.11904761904761904,0.311851926568489,0.0,0.0,0.07142857142857142,0.2857142857142857
423,27.0,Male,Sales,Technical Degree,5,Sales Representative,3604.28,3,4.0,4.0,3,3.0,3,1,No,No,0,0,0,0,0,1,0,0,0,0,0,0,1,0.21428571428571427,0.18943805617196782,0.08108108108108109,0.1,0.10714285714285714,0.14285714285714285
424,35.0,Male,Sales,Marketing,2,Manager,4779.65,6,6.0,1.0,3,3.0,3,2,Yes,No,0,1,0,0,0,1,0,0,1,0,0,0,0,0.40476190476190477,0.3211675968887992,0.16216216216216217,0.15,0.0,0.2857142857142857
425,36.0,Female,Sales,Other,3,Sales Executive,7654.36,37,40.0,16.0,1,2.0,3,2,No,No,1,0,0,0,0,1,0,0,0,0,0,1,0,0.42857142857142855,0.6433505928765157,1.0,1.0,0.5357142857142857,0.2857142857142857
426,23.0,Female,Research & Development,Life Sciences,2,Manufacturing Director,3640.54,0,3.0,2.0,1,3.0,3,3,Yes,No,1,1,0,0,1,0,0,0,0,1,0,0,0,0.11904761904761904,0.19350189406675183,0.0,0.075,0.03571428571428571,0.42857142857142855
427,52.0,Male,Sales,Human Resources,2,Sales Executive,5525.43,12,22.0,25.0,4,4.0,3,3,No,No,0,0,0,0,0,1,0,0,0,0,0,1,0,0.8095238095238095,0.4047508573734114,0.32432432432432434,0.55,0.8571428571428571,0.42857142857142855
428,18.0,Male,Sales,Medical,1,Sales Representative,4104.07,4,4.0,17.0,2,2.0,3,3,No,No,0,0,0,0,0,1,0,0,0,0,0,0,1,0.0,0.24545199829646064,0.10810810810810811,0.1,0.5714285714285714,0.42857142857142855
429,37.0,Male,Research & Development,Medical,1,Manager,5715.78,5,8.0,3.0,3,1.0,3,3,No,No,0,0,0,0,1,0,0,0,1,0,0,0,0,0.4523809523809524,0.4260843251966915,0.13513513513513514,0.2,0.07142857142857142,0.42857142857142855
430,36.0,Female,Sales,Life Sciences,3,Sales Representative,3566.22,0,6.0,1.0,4,4.0,3,4,No,No,1,0,0,0,0,1,0,0,0,0,0,0,1,0.42857142857142855,0.18517248335686903,0.0,0.15,0.0,0.5714285714285714
431,40.0,Female,Sales,Other,1,Sales Executive,2252.46,0,5.0,8.0,2,4.0,3,3,No,No,1,0,0,0,0,1,0,0,0,0,0,1,0,0.5238095238095238,0.037932889516508646,0.0,0.125,0.25,0.42857142857142855
432,38.0,Male,Sales,Technical Degree,3,Sales Representative,4824.33,6,8.0,9.0,1,3.0,3,0,No,No,0,0,0,0,0,1,0,0,0,0,0,0,1,0.47619047619047616,0.32617510591083315,0.16216216216216217,0.2,0.2857142857142857,0.0
433,27.0,Female,Research & Development,Human Resources,5,Manufacturing Director,8536.98,13,13.0,10.0,1,2.0,3,2,No,No,1,0,0,0,1,0,0,0,0,1,0,0,0,0.21428571428571427,0.7422701903032748,0.35135135135135137,0.325,0.32142857142857145,0.2857142857142857
434,25.0,Female,Sales,Other,3,Sales Executive,7221.41,13,20.0,2.0,1,4.0,3,1,No,No,1,0,0,0,0,1,0,0,0,0,0,1,0,0.16666666666666666,0.5948277407930423,0.35135135135135137,0.5,0.03571428571428571,0.14285714285714285
435,36.0,Male,Sales,Other,2,Sales Executive,6608.52,13,15.0,8.0,3,1.0,3,4,Yes,Yes,0,1,1,0,0,1,0,0,0,0,0,1,0,0.42857142857142855,0.5261381211754421,0.35135135135135137,0.375,0.25,0.5714285714285714
436,23.0,Female,Sales,Life Sciences,1,Sales Executive,3795.71,7,9.0,1.0,2,4.0,3,1,Yes,Yes,1,1,1,0,0,1,0,0,0,0,0,1,0,0.11904761904761904,0.21089256494743683,0.1891891891891892,0.225,0.0,0.14285714285714285
437,32.0,Male,Research & Development,Human Resources,3,Manufacturing Director,6654.34,11,7.0,4.0,2,1.0,3,2,No,No,0,0,0,0,1,0,0,0,0,1,0,0,0,0.3333333333333333,0.5312733956470087,0.2972972972972973,0.175,0.10714285714285714,0.2857142857142857
438,47.0,Female,Sales,Marketing,3,Manager,6113.65,4,5.0,21.0,4,3.0,3,2,No,No,1,0,0,0,0,1,0,0,1,0,0,0,0,0.6904761904761905,0.47067558783314273,0.10810810810810811,0.125,0.7142857142857143,0.2857142857142857
439,26.0,Female,Sales,Medical,1,Manager,5057.97,0,8.0,10.0,3,3.0,3,1,No,Yes,1,0,1,0,0,1,0,0,1,0,0,0,0,0.19047619047619047,0.3523602985676821,0.0,0.2,0.32142857142857145,0.14285714285714285
440,27.0,Male,Sales,Technical Degree,2,Manager,6285.68,3,3.0,1.0,3,4.0,3,1,No,Yes,0,0,1,0,0,1,0,0,1,0,0,0,0,0.21428571428571427,0.4899558424674422,0.08108108108108109,0.075,0.0,0.14285714285714285
441,35.0,Female,Sales,Medical,3,Sales Representative,3393.57,1,1.0,4.0,3,3.0,3,2,No,No,1,0,0,0,0,1,0,0,0,0,0,0,1,0.40476190476190477,0.16582274225001684,0.02702702702702703,0.025,0.10714285714285714,0.2857142857142857
442,41.0,Male,Sales,Other,3,Sales Representative,6658.07,5,5.0,10.0,3,4.0,3,2,No,Yes,0,0,1,0,0,1,0,0,0,0,0,0,1,0.5476190476190477,0.531691435231883,0.13513513513513514,0.125,0.32142857142857145,0.2857142857142857
443,28.0,Female,Sales,Life Sciences,3,Sales Representative,5401.87,4,7.0,17.0,4,4.0,3,4,No,No,1,0,0,0,0,1,0,0,0,0,0,0,1,0.23809523809523808,0.39090287584336403,0.10810810810810811,0.175,0.5714285714285714,0.5714285714285714
444,38.0,Male,Research & Development,Human Resources,2,Manufacturing Director,5559.0,1,6.0,4.0,4,4.0,3,5,No,No,0,0,0,0,1,0,0,0,0,1,0,0,0,0.47619047619047616,0.4085132136372806,0.02702702702702703,0.15,0.10714285714285714,0.7142857142857143
445,37.0,Male,Research & Development,Technical Degree,2,Research Scientist,4716.63,5,15.0,24.0,2,3.0,3,1,Yes,No,0,1,0,0,1,0,0,0,0,0,1,0,0,0.4523809523809524,0.3141046331786699,0.13513513513513514,0.375,0.8214285714285714,0.14285714285714285
446,31.0,Male,Research & Development,Human Resources,4,Manufacturing Director,5964.47,3,6.0,2.0,3,4.0,3,2,No,Yes,0,0,1,0,1,0,0,0,0,1,0,0,0,0.30952380952380953,0.45395624593728284,0.08108108108108109,0.15,0.03571428571428571,0.2857142857142857
447,25.0,Female,Research & Development,Human Resources,1,Laboratory Technician,4779.65,15,15.0,15.0,4,2.0,3,2,Yes,Yes,1,1,1,0,1,0,0,1,0,0,0,0,0,0.16666666666666666,0.3211675968887992,0.40540540540540543,0.375,0.5,0.2857142857142857
448,40.0,Male,Human Resources,Other,1,Manager,3966.57,0,4.0,10.0,1,4.0,3,3,No,Yes,0,0,1,1,0,0,0,0,1,0,0,0,0,0.5238095238095238,0.2300416918835317,0.0,0.1,0.32142857142857145,0.42857142857142855
449,18.0,Male,Research & Development,Human Resources,2,Manufacturing Director,6510.44,12,14.0,8.0,4,4.0,3,1,No,No,0,0,0,0,1,0,0,0,0,1,0,0,0,0.0,0.5151458095174052,0.32432432432432434,0.35,0.25,0.14285714285714285
450,36.0,Female,Sales,Marketing,2,Sales Representative,6488.0,12,12.0,7.0,2,2.0,3,2,Yes,No,1,1,0,0,0,1,0,0,0,0,0,0,1,0.42857142857142855,0.5126308475108152,0.32432432432432434,0.3,0.21428571428571427,0.2857142857142857
451,32.0,Male,Research & Development,Human Resources,3,Research Scientist,3086.87,0,2.0,4.0,3,1.0,4,5,No,No,0,0,0,0,1,0,0,0,0,0,1,0,0,0.3333333333333333,0.13144935332750543,0.0,0.05,0.10714285714285714,0.7142857142857143
452,29.0,Male,Sales,Life Sciences,3,Manager,6644.18,3,7.0,10.0,2,1.0,3,4,No,Yes,0,0,1,0,0,1,0,0,1,0,0,0,0,0.2619047619047619,0.5301347140967879,0.08108108108108109,0.175,0.32142857142857145,0.5714285714285714
453,42.0,Female,Sales,Life Sciences,2,Sales Executive,4527.52,7,8.0,1.0,1,3.0,3,1,No,No,1,0,0,0,0,1,0,0,0,0,0,1,0,0.5714285714285714,0.2929101383004954,0.1891891891891892,0.2,0.0,0.14285714285714285
454,31.0,Male,Sales,Technical Degree,3,Sales Executive,4476.39,1,1.0,3.0,4,1.0,3,7,No,No,0,0,0,0,0,1,0,0,0,0,0,1,0,0.30952380952380953,0.2871797458140004,0.02702702702702703,0.025,0.07142857142857142,1.0
455,36.0,Female,Sales,Marketing,2,Manager,4420.72,0,0.0,2.0,1,3.0,3,3,No,No,1,0,0,0,0,1,0,0,1,0,0,0,0,0.42857142857142855,0.2809405330284895,0.0,0.0,0.03571428571428571,0.42857142857142855
456,51.0,Female,Research & Development,Marketing,4,Research Scientist,3834.82,6,15.0,1.0,3,1.0,3,4,No,No,1,0,0,0,1,0,0,0,0,0,1,0,0,0.7857142857142857,0.2152758164660525,0.16216216216216217,0.375,0.0,0.5714285714285714
457,38.0,Male,Sales,Technical Degree,3,Sales Executive,4102.03,7,7.0,2.0,2,4.0,3,3,No,No,0,0,0,0,0,1,0,0,0,0,0,1,0,0.47619047619047616,0.24522336538677064,0.1891891891891892,0.175,0.03571428571428571,0.42857142857142855
458,56.0,Male,Research & Development,Medical,1,Manufacturing Director,5626.55,10,11.0,4.0,1,1.0,3,4,Yes,Yes,0,1,1,0,1,0,0,0,0,1,0,0,0,0.9047619047619048,0.41608387689686865,0.2702702702702703,0.275,0.10714285714285714,0.5714285714285714
459,31.0,Male,Research & Development,Medical,3,Laboratory Technician,4685.62,7,9.0,1.0,3,1.0,4,1,Yes,No,0,1,0,0,1,0,0,1,0,0,0,0,0,0.30952380952380953,0.3106291888014704,0.1891891891891892,0.225,0.0,0.14285714285714285
460,35.0,Female,Research & Development,Marketing,1,Research Scientist,3106.7,4,7.0,5.0,1,4.0,3,2,No,No,1,0,0,0,1,0,0,0,0,0,1,0,0,0.40476190476190477,0.1336717996996391,0.10810810810810811,0.175,0.14285714285714285,0.2857142857142857
461,32.0,Female,Sales,Medical,2,Sales Representative,5283.01,10,11.0,9.0,3,3.0,3,3,Yes,No,1,1,0,0,0,1,0,0,0,0,0,0,1,0.3333333333333333,0.3775816466052496,0.2702702702702703,0.275,0.2857142857142857,0.42857142857142855
462,30.0,Female,Human Resources,Technical Degree,2,Human Resources,2983.88,4,4.0,2.0,4,3.0,3,4,No,No,1,0,0,1,0,0,1,0,0,0,0,0,0,0.2857142857142857,0.11990675363683231,0.10810810810810811,0.1,0.03571428571428571,0.5714285714285714
463,25.0,Male,Human Resources,Medical,3,Manager,7149.18,6,6.0,7.0,2,2.0,3,1,No,No,0,0,0,1,0,0,0,0,1,0,0,0,0,0.16666666666666666,0.5867325667406361,0.16216216216216217,0.15,0.21428571428571427,0.14285714285714285
464,32.0,Female,Research & Development,Marketing,2,Manufacturing Director,6138.1,10,10.0,2.0,4,3.0,3,3,No,No,1,0,0,0,1,0,0,0,0,1,0,0,0,0.3333333333333333,0.47341582050075093,0.2702702702702703,0.25,0.03571428571428571,0.42857142857142855
465,31.0,Female,Research & Development,Marketing,2,Manufacturing Director,4401.51,4,8.0,1.0,3,3.0,3,1,Yes,No,1,1,0,0,1,0,0,0,0,1,0,0,0,0.30952380952380953,0.2787875731289086,0.10810810810810811,0.2,0.0,0.14285714285714285
466,42.0,Male,Sales,Medical,3,Manager,4779.65,4,9.0,5.0,3,3.0,3,2,No,No,0,0,0,0,0,1,0,0,1,0,0,0,0,0.5714285714285714,0.3211675968887992,0.10810810810810811,0.225,0.14285714285714285,0.2857142857142857
467,19.0,Female,Research & Development,Other,2,Laboratory Technician,2971.88,1,1.0,29.0,3,3.0,3,0,Yes,No,1,1,0,0,1,0,0,1,0,0,0,0,0,0.023809523809523808,0.11856185416806761,0.02702702702702703,0.025,1.0,0.0
468,26.0,Female,Research & Development,Medical,3,Research Scientist,3214.82,1,2.0,1.0,1,2.0,3,5,No,No,1,0,0,0,1,0,0,0,0,0,1,0,0,0.19047619047619047,0.14578934391320916,0.02702702702702703,0.05,0.0,0.7142857142857143
469,35.0,Male,Sales,Technical Degree,2,Sales Executive,5370.35,15,24.0,29.0,3,2.0,4,2,No,No,0,0,0,0,0,1,0,0,0,0,0,1,0,0.40476190476190477,0.38737027323874207,0.40540540540540543,0.6,1.0,0.2857142857142857
470,30.0,Male,Sales,Marketing,2,Sales Executive,4779.65,2,4.0,1.0,4,4.0,3,1,No,No,0,0,0,0,0,1,0,0,0,0,0,1,0,0.2857142857142857,0.3211675968887992,0.05405405405405406,0.1,0.0,0.14285714285714285
471,45.0,Male,Sales,Human Resources,4,Manager,5429.52,6,7.0,4.0,3,3.0,3,1,No,No,0,0,0,0,0,1,0,0,1,0,0,0,0,0.6428571428571429,0.3940017483693094,0.16216216216216217,0.175,0.10714285714285714,0.14285714285714285
472,42.0,Male,Human Resources,Life Sciences,1,Manager,4325.26,3,12.0,5.0,3,3.0,3,0,No,No,0,0,0,1,0,0,0,0,1,0,0,0,0,0.5714285714285714,0.2702418577544662,0.08108108108108109,0.3,0.14285714285714285,0.0
473,30.0,Male,Research & Development,Medical,2,Manager,6656.28,6,6.0,17.0,1,1.0,3,0,Yes,No,0,1,0,0,1,0,0,0,1,0,0,0,0,0.2857142857142857,0.5314908210611257,0.16216216216216217,0.15,0.5714285714285714,0.0
474,42.0,Male,Sales,Human Resources,2,Sales Executive,5627.86,9,9.0,4.0,1,3.0,3,5,No,No,0,0,0,0,0,1,0,0,0,0,0,1,0,0.5714285714285714,0.4162306950888754,0.24324324324324326,0.225,0.10714285714285714,0.7142857142857143
475,32.0,Male,Sales,Marketing,2,Sales Executive,4003.36,3,4.0,5.0,2,3.0,3,0,No,No,0,0,0,0,0,1,0,0,0,0,0,1,0,0.3333333333333333,0.23416492950485285,0.08108108108108109,0.1,0.14285714285714285,0.0
476,42.0,Male,Research & Development,Life Sciences,2,Manufacturing Director,4618.25,0,9.0,4.0,2,1.0,3,5,No,No,0,0,0,0,1,0,0,0,0,1,0,0,0,0.5714285714285714,0.3030786990339139,0.0,0.225,0.10714285714285714,0.7142857142857143
477,26.0,Male,Research & Development,Medical,3,Research Scientist,3749.2,8,14.0,27.0,3,2.0,3,0,No,No,0,0,0,0,1,0,0,0,0,0,1,0,0,0.19047619047619047,0.20567995875641626,0.21621621621621623,0.35,0.9285714285714286,0.0
478,38.0,Male,Sales,Marketing,3,Sales Executive,3455.44,1,3.0,1.0,1,1.0,3,5,No,No,0,0,0,0,0,1,0,0,0,0,0,1,0,0.47619047619047616,0.1727568197610562,0.02702702702702703,0.075,0.0,0.7142857142857143
479,27.0,Male,Research & Development,Marketing,2,Laboratory Technician,3938.53,1,5.0,5.0,1,4.0,3,4,No,No,0,0,0,0,1,0,0,1,0,0,0,0,0,0.21428571428571427,0.2268991101248515,0.02702702702702703,0.125,0.14285714285714285,0.5714285714285714
480,43.0,Male,Research & Development,Human Resources,3,Manufacturing Director,5768.22,4,6.0,7.0,1,2.0,3,1,No,No,0,0,0,0,1,0,0,0,0,1,0,0,0,0.5952380952380952,0.4319615358751933,0.10810810810810811,0.15,0.21428571428571427,0.14285714285714285
481,43.0,Female,Human Resources,Technical Degree,3,Human Resources,1914.0,1,6.0,3.0,2,4.0,3,4,No,Yes,1,0,1,1,0,0,1,0,0,0,0,0,0,0.5952380952380952,0.0,0.02702702702702703,0.15,0.07142857142857142,0.5714285714285714
482,36.0,Female,Sales,Other,1,Manager,4773.44,1,7.0,7.0,2,3.0,4,1,No,No,1,0,0,0,0,1,0,0,1,0,0,0,0,0.42857142857142855,0.32047161141371344,0.02702702702702703,0.175,0.21428571428571427,0.14285714285714285
483,40.0,Male,Human Resources,Life Sciences,2,Manager,6428.26,8,7.0,1.0,3,3.0,3,4,No,No,0,0,0,1,0,0,0,0,1,0,0,0,0,0.5238095238095238,0.5059354896554816,0.21621621621621623,0.175,0.0,0.5714285714285714
484,41.0,Female,Research & Development,Human Resources,3,Laboratory Technician,4867.15,4,5.0,1.0,4,1.0,4,2,Yes,No,1,1,0,0,1,0,0,1,0,0,0,0,0,0.5476190476190477,0.33097415551520853,0.10810810810810811,0.125,0.0,0.2857142857142857
485,38.0,Female,Human Resources,Medical,4,Human Resources,4779.65,7,13.0,8.0,4,1.0,4,1,No,Yes,1,0,1,1,0,0,1,0,0,0,0,0,0,0.47619047619047616,0.3211675968887992,0.1891891891891892,0.325,0.25,0.14285714285714285
486,35.0,Female,Sales,Medical,2,Sales Executive,2991.84,4,10.0,1.0,2,4.0,3,1,No,No,1,0,0,0,0,1,0,0,0,0,0,1,0,0.40476190476190477,0.12079887028444625,0.10810810810810811,0.25,0.0,0.14285714285714285
487,49.0,Male,Research & Development,Technical Degree,3,Research Scientist,5033.79,13,15.0,1.0,2,4.0,3,5,No,No,0,0,0,0,1,0,0,0,0,0,1,0,0,0.7380952380952381,0.34965032613812114,0.35135135135135137,0.375,0.0,0.7142857142857143
488,34.0,Male,Sales,Other,3,Sales Representative,4021.12,2,3.0,3.0,1,2.0,3,5,No,No,0,0,0,0,0,1,0,0,0,0,0,0,1,0.38095238095238093,0.2361553807186246,0.05405405405405406,0.075,0.07142857142857142,0.7142857142857143
489,23.0,Male,Human Resources,Marketing,2,Human Resources,3605.76,1,2.0,29.0,2,3.0,3,2,Yes,No,0,1,0,1,0,0,1,0,0,0,0,0,0,0.11904761904761904,0.1896039271064488,0.02702702702702703,0.05,1.0,0.2857142857142857
490,32.0,Female,Research & Development,Marketing,3,Manufacturing Director,6411.04,0,10.0,8.0,1,2.0,3,0,Yes,No,1,1,0,0,1,0,0,0,0,1,0,0,0,0.3333333333333333,0.5040055589178042,0.0,0.25,0.25,0.0
491,35.0,Male,Research & Development,Marketing,1,Laboratory Technician,3937.52,6,14.0,2.0,2,2.0,4,3,No,No,0,0,0,0,1,0,0,1,0,0,0,0,0,0.40476190476190477,0.2267859144195638,0.16216216216216217,0.35,0.03571428571428571,0.42857142857142855
492,24.0,Female,Sales,Life Sciences,2,Sales Representative,4824.28,6,7.0,9.0,4,1.0,3,0,No,No,1,0,0,0,0,1,0,0,0,0,0,0,1,0.14285714285714285,0.3261695021630466,0.16216216216216217,0.175,0.2857142857142857,0.0
493,34.0,Male,Research & Development,Human Resources,3,Manufacturing Director,4779.65,4,6.0,6.0,1,3.0,3,3,No,No,0,0,0,0,1,0,0,0,0,1,0,0,0,0.38095238095238093,0.3211675968887992,0.10810810810810811,0.15,0.17857142857142858,0.42857142857142855
494,36.0,Male,Research & Development,Medical,2,Manager,5547.29,0,2.0,4.0,3,2.0,3,3,No,Yes,0,0,1,0,1,0,0,0,1,0,0,0,0,0.42857142857142855,0.4072008159056777,0.0,0.05,0.10714285714285714,0.42857142857142855
495,60.0,Male,Research & Development,Marketing,2,Laboratory Technician,2833.54,0,6.0,1.0,4,3.0,3,2,Yes,No,0,1,0,0,1,0,0,1,0,0,0,0,0,1.0,0.1030574047923251,0.0,0.15,0.0,0.2857142857142857
496,31.0,Male,Research & Development,Technical Degree,5,Manager,7173.24,5,7.0,26.0,2,4.0,3,4,No,No,0,0,0,0,1,0,0,0,1,0,0,0,0,0.30952380952380953,0.5894290901755094,0.13513513513513514,0.175,0.8928571428571429,0.5714285714285714
497,31.0,Female,Sales,Human Resources,3,Sales Executive,6680.61,11,11.0,10.0,4,1.0,4,0,No,No,1,0,0,0,0,1,0,0,0,0,0,1,0,0.30952380952380953,0.5342176047340461,0.2972972972972973,0.275,0.32142857142857145,0.0
498,46.0,Female,Human Resources,Life Sciences,1,Manager,5456.93,3,3.0,8.0,2,1.0,3,4,No,No,1,0,0,1,0,0,0,0,1,0,0,0,0,0.6666666666666666,0.39707372290587944,0.08108108108108109,0.075,0.25,0.5714285714285714
499,31.0,Male,Sales,Life Sciences,2,Sales Representative,2785.16,0,0.0,1.0,1,4.0,3,1,Yes,Yes,0,1,1,0,0,1,0,0,0,0,0,0,1,0.30952380952380953,0.09763521843408869,0.0,0.0,0.0,0.14285714285714285
500,26.0,Male,Research & Development,Other,3,Manufacturing Director,6736.04,9,15.0,1.0,1,3.0,3,1,Yes,No,0,1,0,0,1,0,0,0,0,1,0,0,0,0.19047619047619047,0.5404299195301817,0.24324324324324326,0.375,0.0,0.14285714285714285
